baseline,task,seed,status,source_image,source_prompt,target_prompt,result_image,metadata,command,matched_conditions,failure_reason,notes
flowedit,pillow_same_color_cable_knit,10,complete,data/phase2_candidates/pexels_white_pillow_brown_sofa_6312089.jpg,A cozy living room photo with a plain white pillow on a brown sofa.,"A photo of the same white pillow on the same brown sofa, with the entire pillow surface changed into same-color white chunky cable-knit fabric with thick braided knitted columns, while preserving the pillow shape, outline, lighting, sofa, background, and the rest of the scene.",outputs/baselines/flowedit/pillow_same_color_cable_knit/seed_10/result.png,outputs/baselines/flowedit/pillow_same_color_cable_knit/seed_10/metadata.json,outputs/baselines/flowedit/pillow_same_color_cable_knit/seed_10/command.txt,"source image resized with max_image_size=512 and cropped to multiples of 16, source prompt, target prompt, seed, SD3 model, T_steps=28, n_max=24, tar_guidance_scale=10.5",,official FlowEdit SD3 runner
flowedit,pillow_same_color_cable_knit,11,complete,data/phase2_candidates/pexels_white_pillow_brown_sofa_6312089.jpg,A cozy living room photo with a plain white pillow on a brown sofa.,"A photo of the same white pillow on the same brown sofa, with the entire pillow surface changed into same-color white chunky cable-knit fabric with thick braided knitted columns, while preserving the pillow shape, outline, lighting, sofa, background, and the rest of the scene.",outputs/baselines/flowedit/pillow_same_color_cable_knit/seed_11/result.png,outputs/baselines/flowedit/pillow_same_color_cable_knit/seed_11/metadata.json,outputs/baselines/flowedit/pillow_same_color_cable_knit/seed_11/command.txt,"source image resized with max_image_size=512 and cropped to multiples of 16, source prompt, target prompt, seed, SD3 model, T_steps=28, n_max=24, tar_guidance_scale=10.5",,official FlowEdit SD3 runner
flowedit,pillow_same_color_cable_knit,12,complete,data/phase2_candidates/pexels_white_pillow_brown_sofa_6312089.jpg,A cozy living room photo with a plain white pillow on a brown sofa.,"A photo of the same white pillow on the same brown sofa, with the entire pillow surface changed into same-color white chunky cable-knit fabric with thick braided knitted columns, while preserving the pillow shape, outline, lighting, sofa, background, and the rest of the scene.",outputs/baselines/flowedit/pillow_same_color_cable_knit/seed_12/result.png,outputs/baselines/flowedit/pillow_same_color_cable_knit/seed_12/metadata.json,outputs/baselines/flowedit/pillow_same_color_cable_knit/seed_12/command.txt,"source image resized with max_image_size=512 and cropped to multiples of 16, source prompt, target prompt, seed, SD3 model, T_steps=28, n_max=24, tar_guidance_scale=10.5",,official FlowEdit SD3 runner
flowedit,pillow_same_color_cable_knit_grey,10,complete,data/pretty_free_candidates/pexels_plain_pillow_sofa_phase1.jpg,"A cozy living room photo with a plain dark grey pillow on a rattan-backed sofa beside a wooden table, soft natural light, and a simple home interior.","A photo of the same plain dark grey pillow on the same rattan-backed sofa, with the entire pillow surface uniformly changed into same-color dark grey chunky cable-knit fabric, the same thick braided knitted columns covering every part of the pillow including the brightly lit left side, while preserving the pillow shape, outline, lighting, sofa, table, wall, and the rest of the scene.",outputs/baselines/flowedit/pillow_same_color_cable_knit_grey/seed_10/result.png,outputs/baselines/flowedit/pillow_same_color_cable_knit_grey/seed_10/metadata.json,outputs/baselines/flowedit/pillow_same_color_cable_knit_grey/seed_10/command.txt,"source image resized with max_image_size=512 and cropped to multiples of 16, source prompt, target prompt, seed, SD3 model, T_steps=28, n_max=24, tar_guidance_scale=10.5",,official FlowEdit SD3 runner
flowedit,pillow_same_color_cable_knit_grey,11,complete,data/pretty_free_candidates/pexels_plain_pillow_sofa_phase1.jpg,"A cozy living room photo with a plain dark grey pillow on a rattan-backed sofa beside a wooden table, soft natural light, and a simple home interior.","A photo of the same plain dark grey pillow on the same rattan-backed sofa, with the entire pillow surface uniformly changed into same-color dark grey chunky cable-knit fabric, the same thick braided knitted columns covering every part of the pillow including the brightly lit left side, while preserving the pillow shape, outline, lighting, sofa, table, wall, and the rest of the scene.",outputs/baselines/flowedit/pillow_same_color_cable_knit_grey/seed_11/result.png,outputs/baselines/flowedit/pillow_same_color_cable_knit_grey/seed_11/metadata.json,outputs/baselines/flowedit/pillow_same_color_cable_knit_grey/seed_11/command.txt,"source image resized with max_image_size=512 and cropped to multiples of 16, source prompt, target prompt, seed, SD3 model, T_steps=28, n_max=24, tar_guidance_scale=10.5",,official FlowEdit SD3 runner
flowedit,pillow_same_color_cable_knit_grey,12,complete,data/pretty_free_candidates/pexels_plain_pillow_sofa_phase1.jpg,"A cozy living room photo with a plain dark grey pillow on a rattan-backed sofa beside a wooden table, soft natural light, and a simple home interior.","A photo of the same plain dark grey pillow on the same rattan-backed sofa, with the entire pillow surface uniformly changed into same-color dark grey chunky cable-knit fabric, the same thick braided knitted columns covering every part of the pillow including the brightly lit left side, while preserving the pillow shape, outline, lighting, sofa, table, wall, and the rest of the scene.",outputs/baselines/flowedit/pillow_same_color_cable_knit_grey/seed_12/result.png,outputs/baselines/flowedit/pillow_same_color_cable_knit_grey/seed_12/metadata.json,outputs/baselines/flowedit/pillow_same_color_cable_knit_grey/seed_12/command.txt,"source image resized with max_image_size=512 and cropped to multiples of 16, source prompt, target prompt, seed, SD3 model, T_steps=28, n_max=24, tar_guidance_scale=10.5",,official FlowEdit SD3 runner
flowedit,pillow_same_color_cable_knit_armchair,10,complete,data/phase2_candidates/pexels_green_chair_white_pillow_6312055.jpg,A photo of a plain white throw pillow centered on a green velvet armchair against a tiled wall.,"A photo of the same plain white throw pillow on the same green velvet armchair, with the entire pillow surface changed into same-color white chunky cable-knit fabric with thick braided knitted columns, while preserving the pillow shape, seams, shadows, chair, tiled wall, floor, and the rest of the scene.",outputs/baselines/flowedit/pillow_same_color_cable_knit_armchair/seed_10/result.png,outputs/baselines/flowedit/pillow_same_color_cable_knit_armchair/seed_10/metadata.json,outputs/baselines/flowedit/pillow_same_color_cable_knit_armchair/seed_10/command.txt,"source image resized with max_image_size=512 and cropped to multiples of 16, source prompt, target prompt, seed, SD3 model, T_steps=28, n_max=24, tar_guidance_scale=10.5",,official FlowEdit SD3 runner
flowedit,pillow_same_color_cable_knit_armchair,11,complete,data/phase2_candidates/pexels_green_chair_white_pillow_6312055.jpg,A photo of a plain white throw pillow centered on a green velvet armchair against a tiled wall.,"A photo of the same plain white throw pillow on the same green velvet armchair, with the entire pillow surface changed into same-color white chunky cable-knit fabric with thick braided knitted columns, while preserving the pillow shape, seams, shadows, chair, tiled wall, floor, and the rest of the scene.",outputs/baselines/flowedit/pillow_same_color_cable_knit_armchair/seed_11/result.png,outputs/baselines/flowedit/pillow_same_color_cable_knit_armchair/seed_11/metadata.json,outputs/baselines/flowedit/pillow_same_color_cable_knit_armchair/seed_11/command.txt,"source image resized with max_image_size=512 and cropped to multiples of 16, source prompt, target prompt, seed, SD3 model, T_steps=28, n_max=24, tar_guidance_scale=10.5",,official FlowEdit SD3 runner
flowedit,pillow_same_color_cable_knit_armchair,12,complete,data/phase2_candidates/pexels_green_chair_white_pillow_6312055.jpg,A photo of a plain white throw pillow centered on a green velvet armchair against a tiled wall.,"A photo of the same plain white throw pillow on the same green velvet armchair, with the entire pillow surface changed into same-color white chunky cable-knit fabric with thick braided knitted columns, while preserving the pillow shape, seams, shadows, chair, tiled wall, floor, and the rest of the scene.",outputs/baselines/flowedit/pillow_same_color_cable_knit_armchair/seed_12/result.png,outputs/baselines/flowedit/pillow_same_color_cable_knit_armchair/seed_12/metadata.json,outputs/baselines/flowedit/pillow_same_color_cable_knit_armchair/seed_12/command.txt,"source image resized with max_image_size=512 and cropped to multiples of 16, source prompt, target prompt, seed, SD3 model, T_steps=28, n_max=24, tar_guidance_scale=10.5",,official FlowEdit SD3 runner
flowalign,pillow_same_color_cable_knit,10,complete,data/phase2_candidates/pexels_white_pillow_brown_sofa_6312089.jpg,A cozy living room photo with a plain white pillow on a brown sofa.,"A photo of the same white pillow on the same brown sofa, with the entire pillow surface changed into same-color white chunky cable-knit fabric with thick braided knitted columns, while preserving the pillow shape, outline, lighting, sofa, background, and the rest of the scene.",outputs/baselines/flowalign/pillow_same_color_cable_knit/seed_10/result.png,outputs/baselines/flowalign/pillow_same_color_cable_knit/seed_10/metadata.json,outputs/baselines/flowalign/pillow_same_color_cable_knit/seed_10/command.txt,"official FlowAlign SD3 runner in target-prompt mode; source image resized to max_image_size=512; source prompt, target prompt, seed, cfg_scale=13.5, NFE=33, n_start=0; efficient_memory enabled",,official FlowAlign SD3 target-mode runner
flowalign,pillow_same_color_cable_knit,11,complete,data/phase2_candidates/pexels_white_pillow_brown_sofa_6312089.jpg,A cozy living room photo with a plain white pillow on a brown sofa.,"A photo of the same white pillow on the same brown sofa, with the entire pillow surface changed into same-color white chunky cable-knit fabric with thick braided knitted columns, while preserving the pillow shape, outline, lighting, sofa, background, and the rest of the scene.",outputs/baselines/flowalign/pillow_same_color_cable_knit/seed_11/result.png,outputs/baselines/flowalign/pillow_same_color_cable_knit/seed_11/metadata.json,outputs/baselines/flowalign/pillow_same_color_cable_knit/seed_11/command.txt,"official FlowAlign SD3 runner in target-prompt mode; source image resized to max_image_size=512; source prompt, target prompt, seed, cfg_scale=13.5, NFE=33, n_start=0; efficient_memory enabled",,official FlowAlign SD3 target-mode runner
flowalign,pillow_same_color_cable_knit,12,complete,data/phase2_candidates/pexels_white_pillow_brown_sofa_6312089.jpg,A cozy living room photo with a plain white pillow on a brown sofa.,"A photo of the same white pillow on the same brown sofa, with the entire pillow surface changed into same-color white chunky cable-knit fabric with thick braided knitted columns, while preserving the pillow shape, outline, lighting, sofa, background, and the rest of the scene.",outputs/baselines/flowalign/pillow_same_color_cable_knit/seed_12/result.png,outputs/baselines/flowalign/pillow_same_color_cable_knit/seed_12/metadata.json,outputs/baselines/flowalign/pillow_same_color_cable_knit/seed_12/command.txt,"official FlowAlign SD3 runner in target-prompt mode; source image resized to max_image_size=512; source prompt, target prompt, seed, cfg_scale=13.5, NFE=33, n_start=0; efficient_memory enabled",,official FlowAlign SD3 target-mode runner
flowalign,pillow_same_color_cable_knit_grey,10,complete,data/pretty_free_candidates/pexels_plain_pillow_sofa_phase1.jpg,"A cozy living room photo with a plain dark grey pillow on a rattan-backed sofa beside a wooden table, soft natural light, and a simple home interior.","A photo of the same plain dark grey pillow on the same rattan-backed sofa, with the entire pillow surface uniformly changed into same-color dark grey chunky cable-knit fabric, the same thick braided knitted columns covering every part of the pillow including the brightly lit left side, while preserving the pillow shape, outline, lighting, sofa, table, wall, and the rest of the scene.",outputs/baselines/flowalign/pillow_same_color_cable_knit_grey/seed_10/result.png,outputs/baselines/flowalign/pillow_same_color_cable_knit_grey/seed_10/metadata.json,outputs/baselines/flowalign/pillow_same_color_cable_knit_grey/seed_10/command.txt,"official FlowAlign SD3 runner in target-prompt mode; source image resized to max_image_size=512; source prompt, target prompt, seed, cfg_scale=13.5, NFE=33, n_start=0; efficient_memory enabled",,official FlowAlign SD3 target-mode runner
flowalign,pillow_same_color_cable_knit_grey,11,complete,data/pretty_free_candidates/pexels_plain_pillow_sofa_phase1.jpg,"A cozy living room photo with a plain dark grey pillow on a rattan-backed sofa beside a wooden table, soft natural light, and a simple home interior.","A photo of the same plain dark grey pillow on the same rattan-backed sofa, with the entire pillow surface uniformly changed into same-color dark grey chunky cable-knit fabric, the same thick braided knitted columns covering every part of the pillow including the brightly lit left side, while preserving the pillow shape, outline, lighting, sofa, table, wall, and the rest of the scene.",outputs/baselines/flowalign/pillow_same_color_cable_knit_grey/seed_11/result.png,outputs/baselines/flowalign/pillow_same_color_cable_knit_grey/seed_11/metadata.json,outputs/baselines/flowalign/pillow_same_color_cable_knit_grey/seed_11/command.txt,"official FlowAlign SD3 runner in target-prompt mode; source image resized to max_image_size=512; source prompt, target prompt, seed, cfg_scale=13.5, NFE=33, n_start=0; efficient_memory enabled",,official FlowAlign SD3 target-mode runner
flowalign,pillow_same_color_cable_knit_grey,12,complete,data/pretty_free_candidates/pexels_plain_pillow_sofa_phase1.jpg,"A cozy living room photo with a plain dark grey pillow on a rattan-backed sofa beside a wooden table, soft natural light, and a simple home interior.","A photo of the same plain dark grey pillow on the same rattan-backed sofa, with the entire pillow surface uniformly changed into same-color dark grey chunky cable-knit fabric, the same thick braided knitted columns covering every part of the pillow including the brightly lit left side, while preserving the pillow shape, outline, lighting, sofa, table, wall, and the rest of the scene.",outputs/baselines/flowalign/pillow_same_color_cable_knit_grey/seed_12/result.png,outputs/baselines/flowalign/pillow_same_color_cable_knit_grey/seed_12/metadata.json,outputs/baselines/flowalign/pillow_same_color_cable_knit_grey/seed_12/command.txt,"official FlowAlign SD3 runner in target-prompt mode; source image resized to max_image_size=512; source prompt, target prompt, seed, cfg_scale=13.5, NFE=33, n_start=0; efficient_memory enabled",,official FlowAlign SD3 target-mode runner
flowalign,pillow_same_color_cable_knit_armchair,10,complete,data/phase2_candidates/pexels_green_chair_white_pillow_6312055.jpg,A photo of a plain white throw pillow centered on a green velvet armchair against a tiled wall.,"A photo of the same plain white throw pillow on the same green velvet armchair, with the entire pillow surface changed into same-color white chunky cable-knit fabric with thick braided knitted columns, while preserving the pillow shape, seams, shadows, chair, tiled wall, floor, and the rest of the scene.",outputs/baselines/flowalign/pillow_same_color_cable_knit_armchair/seed_10/result.png,outputs/baselines/flowalign/pillow_same_color_cable_knit_armchair/seed_10/metadata.json,outputs/baselines/flowalign/pillow_same_color_cable_knit_armchair/seed_10/command.txt,"official FlowAlign SD3 runner in target-prompt mode; source image resized to max_image_size=512; source prompt, target prompt, seed, cfg_scale=13.5, NFE=33, n_start=0; efficient_memory enabled",,official FlowAlign SD3 target-mode runner
flowalign,pillow_same_color_cable_knit_armchair,11,complete,data/phase2_candidates/pexels_green_chair_white_pillow_6312055.jpg,A photo of a plain white throw pillow centered on a green velvet armchair against a tiled wall.,"A photo of the same plain white throw pillow on the same green velvet armchair, with the entire pillow surface changed into same-color white chunky cable-knit fabric with thick braided knitted columns, while preserving the pillow shape, seams, shadows, chair, tiled wall, floor, and the rest of the scene.",outputs/baselines/flowalign/pillow_same_color_cable_knit_armchair/seed_11/result.png,outputs/baselines/flowalign/pillow_same_color_cable_knit_armchair/seed_11/metadata.json,outputs/baselines/flowalign/pillow_same_color_cable_knit_armchair/seed_11/command.txt,"official FlowAlign SD3 runner in target-prompt mode; source image resized to max_image_size=512; source prompt, target prompt, seed, cfg_scale=13.5, NFE=33, n_start=0; efficient_memory enabled",,official FlowAlign SD3 target-mode runner
flowalign,pillow_same_color_cable_knit_armchair,12,complete,data/phase2_candidates/pexels_green_chair_white_pillow_6312055.jpg,A photo of a plain white throw pillow centered on a green velvet armchair against a tiled wall.,"A photo of the same plain white throw pillow on the same green velvet armchair, with the entire pillow surface changed into same-color white chunky cable-knit fabric with thick braided knitted columns, while preserving the pillow shape, seams, shadows, chair, tiled wall, floor, and the rest of the scene.",outputs/baselines/flowalign/pillow_same_color_cable_knit_armchair/seed_12/result.png,outputs/baselines/flowalign/pillow_same_color_cable_knit_armchair/seed_12/metadata.json,outputs/baselines/flowalign/pillow_same_color_cable_knit_armchair/seed_12/command.txt,"official FlowAlign SD3 runner in target-prompt mode; source image resized to max_image_size=512; source prompt, target prompt, seed, cfg_scale=13.5, NFE=33, n_start=0; efficient_memory enabled",,official FlowAlign SD3 target-mode runner
splitflow,pillow_same_color_cable_knit,10,complete,data/phase2_candidates/pexels_white_pillow_brown_sofa_6312089.jpg,A cozy living room photo with a plain white pillow on a brown sofa.,"A photo of the same white pillow on the same brown sofa, with the entire pillow surface changed into same-color white chunky cable-knit fabric with thick braided knitted columns, while preserving the pillow shape, outline, lighting, sofa, background, and the rest of the scene.",outputs/baselines/splitflow/pillow_same_color_cable_knit/seed_10/result.png,outputs/baselines/splitflow/pillow_same_color_cable_knit/seed_10/metadata.json,outputs/baselines/splitflow/pillow_same_color_cable_knit/seed_10/command.txt,"official SplitFlow SD3 runner; source image resized with max_image_size=512 and cropped to multiples of 16; source prompt, target prompt, seed, and SD3 model match; official SplitFlow defaults T_steps=50, n_max=33, tar_guidance_scale=13.5; uses Mistral-7B prompt decomposition",,official SplitFlow SD3 runner
splitflow,pillow_same_color_cable_knit,11,complete,data/phase2_candidates/pexels_white_pillow_brown_sofa_6312089.jpg,A cozy living room photo with a plain white pillow on a brown sofa.,"A photo of the same white pillow on the same brown sofa, with the entire pillow surface changed into same-color white chunky cable-knit fabric with thick braided knitted columns, while preserving the pillow shape, outline, lighting, sofa, background, and the rest of the scene.",outputs/baselines/splitflow/pillow_same_color_cable_knit/seed_11/result.png,outputs/baselines/splitflow/pillow_same_color_cable_knit/seed_11/metadata.json,outputs/baselines/splitflow/pillow_same_color_cable_knit/seed_11/command.txt,"official SplitFlow SD3 runner; source image resized with max_image_size=512 and cropped to multiples of 16; source prompt, target prompt, seed, and SD3 model match; official SplitFlow defaults T_steps=50, n_max=33, tar_guidance_scale=13.5; uses Mistral-7B prompt decomposition",,official SplitFlow SD3 runner
splitflow,pillow_same_color_cable_knit,12,complete,data/phase2_candidates/pexels_white_pillow_brown_sofa_6312089.jpg,A cozy living room photo with a plain white pillow on a brown sofa.,"A photo of the same white pillow on the same brown sofa, with the entire pillow surface changed into same-color white chunky cable-knit fabric with thick braided knitted columns, while preserving the pillow shape, outline, lighting, sofa, background, and the rest of the scene.",outputs/baselines/splitflow/pillow_same_color_cable_knit/seed_12/result.png,outputs/baselines/splitflow/pillow_same_color_cable_knit/seed_12/metadata.json,outputs/baselines/splitflow/pillow_same_color_cable_knit/seed_12/command.txt,"official SplitFlow SD3 runner; source image resized with max_image_size=512 and cropped to multiples of 16; source prompt, target prompt, seed, and SD3 model match; official SplitFlow defaults T_steps=50, n_max=33, tar_guidance_scale=13.5; uses Mistral-7B prompt decomposition",,official SplitFlow SD3 runner
splitflow,pillow_same_color_cable_knit_grey,10,complete,data/pretty_free_candidates/pexels_plain_pillow_sofa_phase1.jpg,"A cozy living room photo with a plain dark grey pillow on a rattan-backed sofa beside a wooden table, soft natural light, and a simple home interior.","A photo of the same plain dark grey pillow on the same rattan-backed sofa, with the entire pillow surface uniformly changed into same-color dark grey chunky cable-knit fabric, the same thick braided knitted columns covering every part of the pillow including the brightly lit left side, while preserving the pillow shape, outline, lighting, sofa, table, wall, and the rest of the scene.",outputs/baselines/splitflow/pillow_same_color_cable_knit_grey/seed_10/result.png,outputs/baselines/splitflow/pillow_same_color_cable_knit_grey/seed_10/metadata.json,outputs/baselines/splitflow/pillow_same_color_cable_knit_grey/seed_10/command.txt,"official SplitFlow SD3 runner; source image resized with max_image_size=512 and cropped to multiples of 16; source prompt, target prompt, seed, and SD3 model match; official SplitFlow defaults T_steps=50, n_max=33, tar_guidance_scale=13.5; uses Mistral-7B prompt decomposition",,official SplitFlow SD3 runner
splitflow,pillow_same_color_cable_knit_grey,11,complete,data/pretty_free_candidates/pexels_plain_pillow_sofa_phase1.jpg,"A cozy living room photo with a plain dark grey pillow on a rattan-backed sofa beside a wooden table, soft natural light, and a simple home interior.","A photo of the same plain dark grey pillow on the same rattan-backed sofa, with the entire pillow surface uniformly changed into same-color dark grey chunky cable-knit fabric, the same thick braided knitted columns covering every part of the pillow including the brightly lit left side, while preserving the pillow shape, outline, lighting, sofa, table, wall, and the rest of the scene.",outputs/baselines/splitflow/pillow_same_color_cable_knit_grey/seed_11/result.png,outputs/baselines/splitflow/pillow_same_color_cable_knit_grey/seed_11/metadata.json,outputs/baselines/splitflow/pillow_same_color_cable_knit_grey/seed_11/command.txt,"official SplitFlow SD3 runner; source image resized with max_image_size=512 and cropped to multiples of 16; source prompt, target prompt, seed, and SD3 model match; official SplitFlow defaults T_steps=50, n_max=33, tar_guidance_scale=13.5; uses Mistral-7B prompt decomposition",,official SplitFlow SD3 runner
splitflow,pillow_same_color_cable_knit_grey,12,complete,data/pretty_free_candidates/pexels_plain_pillow_sofa_phase1.jpg,"A cozy living room photo with a plain dark grey pillow on a rattan-backed sofa beside a wooden table, soft natural light, and a simple home interior.","A photo of the same plain dark grey pillow on the same rattan-backed sofa, with the entire pillow surface uniformly changed into same-color dark grey chunky cable-knit fabric, the same thick braided knitted columns covering every part of the pillow including the brightly lit left side, while preserving the pillow shape, outline, lighting, sofa, table, wall, and the rest of the scene.",outputs/baselines/splitflow/pillow_same_color_cable_knit_grey/seed_12/result.png,outputs/baselines/splitflow/pillow_same_color_cable_knit_grey/seed_12/metadata.json,outputs/baselines/splitflow/pillow_same_color_cable_knit_grey/seed_12/command.txt,"official SplitFlow SD3 runner; source image resized with max_image_size=512 and cropped to multiples of 16; source prompt, target prompt, seed, and SD3 model match; official SplitFlow defaults T_steps=50, n_max=33, tar_guidance_scale=13.5; uses Mistral-7B prompt decomposition",,official SplitFlow SD3 runner
splitflow,pillow_same_color_cable_knit_armchair,10,complete,data/phase2_candidates/pexels_green_chair_white_pillow_6312055.jpg,A photo of a plain white throw pillow centered on a green velvet armchair against a tiled wall.,"A photo of the same plain white throw pillow on the same green velvet armchair, with the entire pillow surface changed into same-color white chunky cable-knit fabric with thick braided knitted columns, while preserving the pillow shape, seams, shadows, chair, tiled wall, floor, and the rest of the scene.",outputs/baselines/splitflow/pillow_same_color_cable_knit_armchair/seed_10/result.png,outputs/baselines/splitflow/pillow_same_color_cable_knit_armchair/seed_10/metadata.json,outputs/baselines/splitflow/pillow_same_color_cable_knit_armchair/seed_10/command.txt,"official SplitFlow SD3 runner; source image resized with max_image_size=512 and cropped to multiples of 16; source prompt, target prompt, seed, and SD3 model match; official SplitFlow defaults T_steps=50, n_max=33, tar_guidance_scale=13.5; uses Mistral-7B prompt decomposition",,official SplitFlow SD3 runner
splitflow,pillow_same_color_cable_knit_armchair,11,complete,data/phase2_candidates/pexels_green_chair_white_pillow_6312055.jpg,A photo of a plain white throw pillow centered on a green velvet armchair against a tiled wall.,"A photo of the same plain white throw pillow on the same green velvet armchair, with the entire pillow surface changed into same-color white chunky cable-knit fabric with thick braided knitted columns, while preserving the pillow shape, seams, shadows, chair, tiled wall, floor, and the rest of the scene.",outputs/baselines/splitflow/pillow_same_color_cable_knit_armchair/seed_11/result.png,outputs/baselines/splitflow/pillow_same_color_cable_knit_armchair/seed_11/metadata.json,outputs/baselines/splitflow/pillow_same_color_cable_knit_armchair/seed_11/command.txt,"official SplitFlow SD3 runner; source image resized with max_image_size=512 and cropped to multiples of 16; source prompt, target prompt, seed, and SD3 model match; official SplitFlow defaults T_steps=50, n_max=33, tar_guidance_scale=13.5; uses Mistral-7B prompt decomposition",,official SplitFlow SD3 runner
splitflow,pillow_same_color_cable_knit_armchair,12,complete,data/phase2_candidates/pexels_green_chair_white_pillow_6312055.jpg,A photo of a plain white throw pillow centered on a green velvet armchair against a tiled wall.,"A photo of the same plain white throw pillow on the same green velvet armchair, with the entire pillow surface changed into same-color white chunky cable-knit fabric with thick braided knitted columns, while preserving the pillow shape, seams, shadows, chair, tiled wall, floor, and the rest of the scene.",outputs/baselines/splitflow/pillow_same_color_cable_knit_armchair/seed_12/result.png,outputs/baselines/splitflow/pillow_same_color_cable_knit_armchair/seed_12/metadata.json,outputs/baselines/splitflow/pillow_same_color_cable_knit_armchair/seed_12/command.txt,"official SplitFlow SD3 runner; source image resized with max_image_size=512 and cropped to multiples of 16; source prompt, target prompt, seed, and SD3 model match; official SplitFlow defaults T_steps=50, n_max=33, tar_guidance_scale=13.5; uses Mistral-7B prompt decomposition",,official SplitFlow SD3 runner
fireflow,pillow_same_color_cable_knit,10,complete,data/phase2_candidates/pexels_white_pillow_brown_sofa_6312089.jpg,A cozy living room photo with a plain white pillow on a brown sofa.,"A photo of the same white pillow on the same brown sofa, with the entire pillow surface changed into same-color white chunky cable-knit fabric with thick braided knitted columns, while preserving the pillow shape, outline, lighting, sofa, background, and the rest of the scene.",outputs/baselines/fireflow/pillow_same_color_cable_knit/seed_10/result.png,outputs/baselines/fireflow/pillow_same_color_cable_knit/seed_10/metadata.json,outputs/baselines/fireflow/pillow_same_color_cable_knit/seed_10/command.txt,"official FireFlow FLUX-dev runner; source image resized with max_image_size=512 and cropped to multiples of 16; source prompt, target prompt, and seed match; official fast-editing parameters num_steps=8, inject=1, guidance=2, start_layer_index=0, end_layer_index=37, sampling_strategy=fireflow, offload=True",,official FireFlow FLUX-dev runner
fireflow,pillow_same_color_cable_knit,11,complete,data/phase2_candidates/pexels_white_pillow_brown_sofa_6312089.jpg,A cozy living room photo with a plain white pillow on a brown sofa.,"A photo of the same white pillow on the same brown sofa, with the entire pillow surface changed into same-color white chunky cable-knit fabric with thick braided knitted columns, while preserving the pillow shape, outline, lighting, sofa, background, and the rest of the scene.",outputs/baselines/fireflow/pillow_same_color_cable_knit/seed_11/result.png,outputs/baselines/fireflow/pillow_same_color_cable_knit/seed_11/metadata.json,outputs/baselines/fireflow/pillow_same_color_cable_knit/seed_11/command.txt,"official FireFlow FLUX-dev runner; source image resized with max_image_size=512 and cropped to multiples of 16; source prompt, target prompt, and seed match; official fast-editing parameters num_steps=8, inject=1, guidance=2, start_layer_index=0, end_layer_index=37, sampling_strategy=fireflow, offload=True",,official FireFlow FLUX-dev runner
fireflow,pillow_same_color_cable_knit,12,complete,data/phase2_candidates/pexels_white_pillow_brown_sofa_6312089.jpg,A cozy living room photo with a plain white pillow on a brown sofa.,"A photo of the same white pillow on the same brown sofa, with the entire pillow surface changed into same-color white chunky cable-knit fabric with thick braided knitted columns, while preserving the pillow shape, outline, lighting, sofa, background, and the rest of the scene.",outputs/baselines/fireflow/pillow_same_color_cable_knit/seed_12/result.png,outputs/baselines/fireflow/pillow_same_color_cable_knit/seed_12/metadata.json,outputs/baselines/fireflow/pillow_same_color_cable_knit/seed_12/command.txt,"official FireFlow FLUX-dev runner; source image resized with max_image_size=512 and cropped to multiples of 16; source prompt, target prompt, and seed match; official fast-editing parameters num_steps=8, inject=1, guidance=2, start_layer_index=0, end_layer_index=37, sampling_strategy=fireflow, offload=True",,official FireFlow FLUX-dev runner
fireflow,pillow_same_color_cable_knit_grey,10,complete,data/pretty_free_candidates/pexels_plain_pillow_sofa_phase1.jpg,"A cozy living room photo with a plain dark grey pillow on a rattan-backed sofa beside a wooden table, soft natural light, and a simple home interior.","A photo of the same plain dark grey pillow on the same rattan-backed sofa, with the entire pillow surface uniformly changed into same-color dark grey chunky cable-knit fabric, the same thick braided knitted columns covering every part of the pillow including the brightly lit left side, while preserving the pillow shape, outline, lighting, sofa, table, wall, and the rest of the scene.",outputs/baselines/fireflow/pillow_same_color_cable_knit_grey/seed_10/result.png,outputs/baselines/fireflow/pillow_same_color_cable_knit_grey/seed_10/metadata.json,outputs/baselines/fireflow/pillow_same_color_cable_knit_grey/seed_10/command.txt,"official FireFlow FLUX-dev runner; source image resized with max_image_size=512 and cropped to multiples of 16; source prompt, target prompt, and seed match; official fast-editing parameters num_steps=8, inject=1, guidance=2, start_layer_index=0, end_layer_index=37, sampling_strategy=fireflow, offload=True",,official FireFlow FLUX-dev runner
fireflow,pillow_same_color_cable_knit_grey,11,complete,data/pretty_free_candidates/pexels_plain_pillow_sofa_phase1.jpg,"A cozy living room photo with a plain dark grey pillow on a rattan-backed sofa beside a wooden table, soft natural light, and a simple home interior.","A photo of the same plain dark grey pillow on the same rattan-backed sofa, with the entire pillow surface uniformly changed into same-color dark grey chunky cable-knit fabric, the same thick braided knitted columns covering every part of the pillow including the brightly lit left side, while preserving the pillow shape, outline, lighting, sofa, table, wall, and the rest of the scene.",outputs/baselines/fireflow/pillow_same_color_cable_knit_grey/seed_11/result.png,outputs/baselines/fireflow/pillow_same_color_cable_knit_grey/seed_11/metadata.json,outputs/baselines/fireflow/pillow_same_color_cable_knit_grey/seed_11/command.txt,"official FireFlow FLUX-dev runner; source image resized with max_image_size=512 and cropped to multiples of 16; source prompt, target prompt, and seed match; official fast-editing parameters num_steps=8, inject=1, guidance=2, start_layer_index=0, end_layer_index=37, sampling_strategy=fireflow, offload=True",,official FireFlow FLUX-dev runner
fireflow,pillow_same_color_cable_knit_grey,12,complete,data/pretty_free_candidates/pexels_plain_pillow_sofa_phase1.jpg,"A cozy living room photo with a plain dark grey pillow on a rattan-backed sofa beside a wooden table, soft natural light, and a simple home interior.","A photo of the same plain dark grey pillow on the same rattan-backed sofa, with the entire pillow surface uniformly changed into same-color dark grey chunky cable-knit fabric, the same thick braided knitted columns covering every part of the pillow including the brightly lit left side, while preserving the pillow shape, outline, lighting, sofa, table, wall, and the rest of the scene.",outputs/baselines/fireflow/pillow_same_color_cable_knit_grey/seed_12/result.png,outputs/baselines/fireflow/pillow_same_color_cable_knit_grey/seed_12/metadata.json,outputs/baselines/fireflow/pillow_same_color_cable_knit_grey/seed_12/command.txt,"official FireFlow FLUX-dev runner; source image resized with max_image_size=512 and cropped to multiples of 16; source prompt, target prompt, and seed match; official fast-editing parameters num_steps=8, inject=1, guidance=2, start_layer_index=0, end_layer_index=37, sampling_strategy=fireflow, offload=True",,official FireFlow FLUX-dev runner
fireflow,pillow_same_color_cable_knit_armchair,10,complete,data/phase2_candidates/pexels_green_chair_white_pillow_6312055.jpg,A photo of a plain white throw pillow centered on a green velvet armchair against a tiled wall.,"A photo of the same plain white throw pillow on the same green velvet armchair, with the entire pillow surface changed into same-color white chunky cable-knit fabric with thick braided knitted columns, while preserving the pillow shape, seams, shadows, chair, tiled wall, floor, and the rest of the scene.",outputs/baselines/fireflow/pillow_same_color_cable_knit_armchair/seed_10/result.png,outputs/baselines/fireflow/pillow_same_color_cable_knit_armchair/seed_10/metadata.json,outputs/baselines/fireflow/pillow_same_color_cable_knit_armchair/seed_10/command.txt,"official FireFlow FLUX-dev runner; source image resized with max_image_size=512 and cropped to multiples of 16; source prompt, target prompt, and seed match; official fast-editing parameters num_steps=8, inject=1, guidance=2, start_layer_index=0, end_layer_index=37, sampling_strategy=fireflow, offload=True",,official FireFlow FLUX-dev runner
fireflow,pillow_same_color_cable_knit_armchair,11,complete,data/phase2_candidates/pexels_green_chair_white_pillow_6312055.jpg,A photo of a plain white throw pillow centered on a green velvet armchair against a tiled wall.,"A photo of the same plain white throw pillow on the same green velvet armchair, with the entire pillow surface changed into same-color white chunky cable-knit fabric with thick braided knitted columns, while preserving the pillow shape, seams, shadows, chair, tiled wall, floor, and the rest of the scene.",outputs/baselines/fireflow/pillow_same_color_cable_knit_armchair/seed_11/result.png,outputs/baselines/fireflow/pillow_same_color_cable_knit_armchair/seed_11/metadata.json,outputs/baselines/fireflow/pillow_same_color_cable_knit_armchair/seed_11/command.txt,"official FireFlow FLUX-dev runner; source image resized with max_image_size=512 and cropped to multiples of 16; source prompt, target prompt, and seed match; official fast-editing parameters num_steps=8, inject=1, guidance=2, start_layer_index=0, end_layer_index=37, sampling_strategy=fireflow, offload=True",,official FireFlow FLUX-dev runner
fireflow,pillow_same_color_cable_knit_armchair,12,complete,data/phase2_candidates/pexels_green_chair_white_pillow_6312055.jpg,A photo of a plain white throw pillow centered on a green velvet armchair against a tiled wall.,"A photo of the same plain white throw pillow on the same green velvet armchair, with the entire pillow surface changed into same-color white chunky cable-knit fabric with thick braided knitted columns, while preserving the pillow shape, seams, shadows, chair, tiled wall, floor, and the rest of the scene.",outputs/baselines/fireflow/pillow_same_color_cable_knit_armchair/seed_12/result.png,outputs/baselines/fireflow/pillow_same_color_cable_knit_armchair/seed_12/metadata.json,outputs/baselines/fireflow/pillow_same_color_cable_knit_armchair/seed_12/command.txt,"official FireFlow FLUX-dev runner; source image resized with max_image_size=512 and cropped to multiples of 16; source prompt, target prompt, and seed match; official fast-editing parameters num_steps=8, inject=1, guidance=2, start_layer_index=0, end_layer_index=37, sampling_strategy=fireflow, offload=True",,official FireFlow FLUX-dev runner
rf_solver_edit,pillow_same_color_cable_knit,10,complete,data/phase2_candidates/pexels_white_pillow_brown_sofa_6312089.jpg,A cozy living room photo with a plain white pillow on a brown sofa.,"A photo of the same white pillow on the same brown sofa, with the entire pillow surface changed into same-color white chunky cable-knit fabric with thick braided knitted columns, while preserving the pillow shape, outline, lighting, sofa, background, and the rest of the scene.",outputs/baselines/rf_solver_edit/pillow_same_color_cable_knit/seed_10/result.png,outputs/baselines/rf_solver_edit/pillow_same_color_cable_knit/seed_10/metadata.json,outputs/baselines/rf_solver_edit/pillow_same_color_cable_knit/seed_10/command.txt,"official RF-Solver-Edit FLUX-dev runner; source image resized with max_image_size=512 and cropped to multiples of 16; source prompt and target prompt match; official RF-Solver image-editing parameters num_steps=15, inject=3, guidance=2, offload=True; seed requested by manifest but the public RF-Solver image script does not expose seed control",,official RF-Solver-Edit FLUX-dev runner
rf_solver_edit,pillow_same_color_cable_knit,11,complete,data/phase2_candidates/pexels_white_pillow_brown_sofa_6312089.jpg,A cozy living room photo with a plain white pillow on a brown sofa.,"A photo of the same white pillow on the same brown sofa, with the entire pillow surface changed into same-color white chunky cable-knit fabric with thick braided knitted columns, while preserving the pillow shape, outline, lighting, sofa, background, and the rest of the scene.",outputs/baselines/rf_solver_edit/pillow_same_color_cable_knit/seed_11/result.png,outputs/baselines/rf_solver_edit/pillow_same_color_cable_knit/seed_11/metadata.json,outputs/baselines/rf_solver_edit/pillow_same_color_cable_knit/seed_11/command.txt,"official RF-Solver-Edit FLUX-dev runner; source image resized with max_image_size=512 and cropped to multiples of 16; source prompt and target prompt match; official RF-Solver image-editing parameters num_steps=15, inject=3, guidance=2, offload=True; seed requested by manifest but the public RF-Solver image script does not expose seed control",,official RF-Solver-Edit FLUX-dev runner
rf_solver_edit,pillow_same_color_cable_knit,12,complete,data/phase2_candidates/pexels_white_pillow_brown_sofa_6312089.jpg,A cozy living room photo with a plain white pillow on a brown sofa.,"A photo of the same white pillow on the same brown sofa, with the entire pillow surface changed into same-color white chunky cable-knit fabric with thick braided knitted columns, while preserving the pillow shape, outline, lighting, sofa, background, and the rest of the scene.",outputs/baselines/rf_solver_edit/pillow_same_color_cable_knit/seed_12/result.png,outputs/baselines/rf_solver_edit/pillow_same_color_cable_knit/seed_12/metadata.json,outputs/baselines/rf_solver_edit/pillow_same_color_cable_knit/seed_12/command.txt,"official RF-Solver-Edit FLUX-dev runner; source image resized with max_image_size=512 and cropped to multiples of 16; source prompt and target prompt match; official RF-Solver image-editing parameters num_steps=15, inject=3, guidance=2, offload=True; seed requested by manifest but the public RF-Solver image script does not expose seed control",,official RF-Solver-Edit FLUX-dev runner
rf_solver_edit,pillow_same_color_cable_knit_grey,10,complete,data/pretty_free_candidates/pexels_plain_pillow_sofa_phase1.jpg,"A cozy living room photo with a plain dark grey pillow on a rattan-backed sofa beside a wooden table, soft natural light, and a simple home interior.","A photo of the same plain dark grey pillow on the same rattan-backed sofa, with the entire pillow surface uniformly changed into same-color dark grey chunky cable-knit fabric, the same thick braided knitted columns covering every part of the pillow including the brightly lit left side, while preserving the pillow shape, outline, lighting, sofa, table, wall, and the rest of the scene.",outputs/baselines/rf_solver_edit/pillow_same_color_cable_knit_grey/seed_10/result.png,outputs/baselines/rf_solver_edit/pillow_same_color_cable_knit_grey/seed_10/metadata.json,outputs/baselines/rf_solver_edit/pillow_same_color_cable_knit_grey/seed_10/command.txt,"official RF-Solver-Edit FLUX-dev runner; source image resized with max_image_size=512 and cropped to multiples of 16; source prompt and target prompt match; official RF-Solver image-editing parameters num_steps=15, inject=3, guidance=2, offload=True; seed requested by manifest but the public RF-Solver image script does not expose seed control",,official RF-Solver-Edit FLUX-dev runner
rf_solver_edit,pillow_same_color_cable_knit_grey,11,complete,data/pretty_free_candidates/pexels_plain_pillow_sofa_phase1.jpg,"A cozy living room photo with a plain dark grey pillow on a rattan-backed sofa beside a wooden table, soft natural light, and a simple home interior.","A photo of the same plain dark grey pillow on the same rattan-backed sofa, with the entire pillow surface uniformly changed into same-color dark grey chunky cable-knit fabric, the same thick braided knitted columns covering every part of the pillow including the brightly lit left side, while preserving the pillow shape, outline, lighting, sofa, table, wall, and the rest of the scene.",outputs/baselines/rf_solver_edit/pillow_same_color_cable_knit_grey/seed_11/result.png,outputs/baselines/rf_solver_edit/pillow_same_color_cable_knit_grey/seed_11/metadata.json,outputs/baselines/rf_solver_edit/pillow_same_color_cable_knit_grey/seed_11/command.txt,"official RF-Solver-Edit FLUX-dev runner; source image resized with max_image_size=512 and cropped to multiples of 16; source prompt and target prompt match; official RF-Solver image-editing parameters num_steps=15, inject=3, guidance=2, offload=True; seed requested by manifest but the public RF-Solver image script does not expose seed control",,official RF-Solver-Edit FLUX-dev runner
rf_solver_edit,pillow_same_color_cable_knit_grey,12,complete,data/pretty_free_candidates/pexels_plain_pillow_sofa_phase1.jpg,"A cozy living room photo with a plain dark grey pillow on a rattan-backed sofa beside a wooden table, soft natural light, and a simple home interior.","A photo of the same plain dark grey pillow on the same rattan-backed sofa, with the entire pillow surface uniformly changed into same-color dark grey chunky cable-knit fabric, the same thick braided knitted columns covering every part of the pillow including the brightly lit left side, while preserving the pillow shape, outline, lighting, sofa, table, wall, and the rest of the scene.",outputs/baselines/rf_solver_edit/pillow_same_color_cable_knit_grey/seed_12/result.png,outputs/baselines/rf_solver_edit/pillow_same_color_cable_knit_grey/seed_12/metadata.json,outputs/baselines/rf_solver_edit/pillow_same_color_cable_knit_grey/seed_12/command.txt,"official RF-Solver-Edit FLUX-dev runner; source image resized with max_image_size=512 and cropped to multiples of 16; source prompt and target prompt match; official RF-Solver image-editing parameters num_steps=15, inject=3, guidance=2, offload=True; seed requested by manifest but the public RF-Solver image script does not expose seed control",,official RF-Solver-Edit FLUX-dev runner
rf_solver_edit,pillow_same_color_cable_knit_armchair,10,complete,data/phase2_candidates/pexels_green_chair_white_pillow_6312055.jpg,A photo of a plain white throw pillow centered on a green velvet armchair against a tiled wall.,"A photo of the same plain white throw pillow on the same green velvet armchair, with the entire pillow surface changed into same-color white chunky cable-knit fabric with thick braided knitted columns, while preserving the pillow shape, seams, shadows, chair, tiled wall, floor, and the rest of the scene.",outputs/baselines/rf_solver_edit/pillow_same_color_cable_knit_armchair/seed_10/result.png,outputs/baselines/rf_solver_edit/pillow_same_color_cable_knit_armchair/seed_10/metadata.json,outputs/baselines/rf_solver_edit/pillow_same_color_cable_knit_armchair/seed_10/command.txt,"official RF-Solver-Edit FLUX-dev runner; source image resized with max_image_size=512 and cropped to multiples of 16; source prompt and target prompt match; official RF-Solver image-editing parameters num_steps=15, inject=3, guidance=2, offload=True; seed requested by manifest but the public RF-Solver image script does not expose seed control",,official RF-Solver-Edit FLUX-dev runner
rf_solver_edit,pillow_same_color_cable_knit_armchair,11,complete,data/phase2_candidates/pexels_green_chair_white_pillow_6312055.jpg,A photo of a plain white throw pillow centered on a green velvet armchair against a tiled wall.,"A photo of the same plain white throw pillow on the same green velvet armchair, with the entire pillow surface changed into same-color white chunky cable-knit fabric with thick braided knitted columns, while preserving the pillow shape, seams, shadows, chair, tiled wall, floor, and the rest of the scene.",outputs/baselines/rf_solver_edit/pillow_same_color_cable_knit_armchair/seed_11/result.png,outputs/baselines/rf_solver_edit/pillow_same_color_cable_knit_armchair/seed_11/metadata.json,outputs/baselines/rf_solver_edit/pillow_same_color_cable_knit_armchair/seed_11/command.txt,"official RF-Solver-Edit FLUX-dev runner; source image resized with max_image_size=512 and cropped to multiples of 16; source prompt and target prompt match; official RF-Solver image-editing parameters num_steps=15, inject=3, guidance=2, offload=True; seed requested by manifest but the public RF-Solver image script does not expose seed control",,official RF-Solver-Edit FLUX-dev runner
rf_solver_edit,pillow_same_color_cable_knit_armchair,12,complete,data/phase2_candidates/pexels_green_chair_white_pillow_6312055.jpg,A photo of a plain white throw pillow centered on a green velvet armchair against a tiled wall.,"A photo of the same plain white throw pillow on the same green velvet armchair, with the entire pillow surface changed into same-color white chunky cable-knit fabric with thick braided knitted columns, while preserving the pillow shape, seams, shadows, chair, tiled wall, floor, and the rest of the scene.",outputs/baselines/rf_solver_edit/pillow_same_color_cable_knit_armchair/seed_12/result.png,outputs/baselines/rf_solver_edit/pillow_same_color_cable_knit_armchair/seed_12/metadata.json,outputs/baselines/rf_solver_edit/pillow_same_color_cable_knit_armchair/seed_12/command.txt,"official RF-Solver-Edit FLUX-dev runner; source image resized with max_image_size=512 and cropped to multiples of 16; source prompt and target prompt match; official RF-Solver image-editing parameters num_steps=15, inject=3, guidance=2, offload=True; seed requested by manifest but the public RF-Solver image script does not expose seed control",,official RF-Solver-Edit FLUX-dev runner
reflex,pillow_same_color_cable_knit,10,complete,data/phase2_candidates/pexels_white_pillow_brown_sofa_6312089.jpg,A cozy living room photo with a plain white pillow on a brown sofa.,"A photo of the same white pillow on the same brown sofa, with the entire pillow surface changed into same-color white chunky cable-knit fabric with thick braided knitted columns, while preserving the pillow shape, outline, lighting, sofa, background, and the rest of the scene.",outputs/baselines/reflex/pillow_same_color_cable_knit/seed_10/result.png,outputs/baselines/reflex/pillow_same_color_cable_knit/seed_10/metadata.json,outputs/baselines/reflex/pillow_same_color_cable_knit/seed_10/command.txt,"official ReFlex FLUX-dev runner with local dynamic-latent compatibility patch; source image resized with max_image_size=512 before ReFlex processing; source prompt, target prompt, and seed match; automatic attention-mask mode; num_inference_steps=28, guidance_scale=3.5, feature_steps=5, attn_topk=20",,official ReFlex FLUX-dev runner
reflex,pillow_same_color_cable_knit,11,complete,data/phase2_candidates/pexels_white_pillow_brown_sofa_6312089.jpg,A cozy living room photo with a plain white pillow on a brown sofa.,"A photo of the same white pillow on the same brown sofa, with the entire pillow surface changed into same-color white chunky cable-knit fabric with thick braided knitted columns, while preserving the pillow shape, outline, lighting, sofa, background, and the rest of the scene.",outputs/baselines/reflex/pillow_same_color_cable_knit/seed_11/result.png,outputs/baselines/reflex/pillow_same_color_cable_knit/seed_11/metadata.json,outputs/baselines/reflex/pillow_same_color_cable_knit/seed_11/command.txt,"official ReFlex FLUX-dev runner with local dynamic-latent compatibility patch; source image resized with max_image_size=512 before ReFlex processing; source prompt, target prompt, and seed match; automatic attention-mask mode; num_inference_steps=28, guidance_scale=3.5, feature_steps=5, attn_topk=20",,official ReFlex FLUX-dev runner
reflex,pillow_same_color_cable_knit,12,complete,data/phase2_candidates/pexels_white_pillow_brown_sofa_6312089.jpg,A cozy living room photo with a plain white pillow on a brown sofa.,"A photo of the same white pillow on the same brown sofa, with the entire pillow surface changed into same-color white chunky cable-knit fabric with thick braided knitted columns, while preserving the pillow shape, outline, lighting, sofa, background, and the rest of the scene.",outputs/baselines/reflex/pillow_same_color_cable_knit/seed_12/result.png,outputs/baselines/reflex/pillow_same_color_cable_knit/seed_12/metadata.json,outputs/baselines/reflex/pillow_same_color_cable_knit/seed_12/command.txt,"official ReFlex FLUX-dev runner with local dynamic-latent compatibility patch; source image resized with max_image_size=512 before ReFlex processing; source prompt, target prompt, and seed match; automatic attention-mask mode; num_inference_steps=28, guidance_scale=3.5, feature_steps=5, attn_topk=20",,official ReFlex FLUX-dev runner
reflex,pillow_same_color_cable_knit_grey,10,complete,data/pretty_free_candidates/pexels_plain_pillow_sofa_phase1.jpg,"A cozy living room photo with a plain dark grey pillow on a rattan-backed sofa beside a wooden table, soft natural light, and a simple home interior.","A photo of the same plain dark grey pillow on the same rattan-backed sofa, with the entire pillow surface uniformly changed into same-color dark grey chunky cable-knit fabric, the same thick braided knitted columns covering every part of the pillow including the brightly lit left side, while preserving the pillow shape, outline, lighting, sofa, table, wall, and the rest of the scene.",outputs/baselines/reflex/pillow_same_color_cable_knit_grey/seed_10/result.png,outputs/baselines/reflex/pillow_same_color_cable_knit_grey/seed_10/metadata.json,outputs/baselines/reflex/pillow_same_color_cable_knit_grey/seed_10/command.txt,"official ReFlex FLUX-dev runner with local dynamic-latent compatibility patch; source image resized with max_image_size=512 before ReFlex processing; source prompt, target prompt, and seed match; automatic attention-mask mode; num_inference_steps=28, guidance_scale=3.5, feature_steps=5, attn_topk=20",,official ReFlex FLUX-dev runner
reflex,pillow_same_color_cable_knit_grey,11,complete,data/pretty_free_candidates/pexels_plain_pillow_sofa_phase1.jpg,"A cozy living room photo with a plain dark grey pillow on a rattan-backed sofa beside a wooden table, soft natural light, and a simple home interior.","A photo of the same plain dark grey pillow on the same rattan-backed sofa, with the entire pillow surface uniformly changed into same-color dark grey chunky cable-knit fabric, the same thick braided knitted columns covering every part of the pillow including the brightly lit left side, while preserving the pillow shape, outline, lighting, sofa, table, wall, and the rest of the scene.",outputs/baselines/reflex/pillow_same_color_cable_knit_grey/seed_11/result.png,outputs/baselines/reflex/pillow_same_color_cable_knit_grey/seed_11/metadata.json,outputs/baselines/reflex/pillow_same_color_cable_knit_grey/seed_11/command.txt,"official ReFlex FLUX-dev runner with local dynamic-latent compatibility patch; source image resized with max_image_size=512 before ReFlex processing; source prompt, target prompt, and seed match; automatic attention-mask mode; num_inference_steps=28, guidance_scale=3.5, feature_steps=5, attn_topk=20",,official ReFlex FLUX-dev runner
reflex,pillow_same_color_cable_knit_grey,12,complete,data/pretty_free_candidates/pexels_plain_pillow_sofa_phase1.jpg,"A cozy living room photo with a plain dark grey pillow on a rattan-backed sofa beside a wooden table, soft natural light, and a simple home interior.","A photo of the same plain dark grey pillow on the same rattan-backed sofa, with the entire pillow surface uniformly changed into same-color dark grey chunky cable-knit fabric, the same thick braided knitted columns covering every part of the pillow including the brightly lit left side, while preserving the pillow shape, outline, lighting, sofa, table, wall, and the rest of the scene.",outputs/baselines/reflex/pillow_same_color_cable_knit_grey/seed_12/result.png,outputs/baselines/reflex/pillow_same_color_cable_knit_grey/seed_12/metadata.json,outputs/baselines/reflex/pillow_same_color_cable_knit_grey/seed_12/command.txt,"official ReFlex FLUX-dev runner with local dynamic-latent compatibility patch; source image resized with max_image_size=512 before ReFlex processing; source prompt, target prompt, and seed match; automatic attention-mask mode; num_inference_steps=28, guidance_scale=3.5, feature_steps=5, attn_topk=20",,official ReFlex FLUX-dev runner
reflex,pillow_same_color_cable_knit_armchair,10,complete,data/phase2_candidates/pexels_green_chair_white_pillow_6312055.jpg,A photo of a plain white throw pillow centered on a green velvet armchair against a tiled wall.,"A photo of the same plain white throw pillow on the same green velvet armchair, with the entire pillow surface changed into same-color white chunky cable-knit fabric with thick braided knitted columns, while preserving the pillow shape, seams, shadows, chair, tiled wall, floor, and the rest of the scene.",outputs/baselines/reflex/pillow_same_color_cable_knit_armchair/seed_10/result.png,outputs/baselines/reflex/pillow_same_color_cable_knit_armchair/seed_10/metadata.json,outputs/baselines/reflex/pillow_same_color_cable_knit_armchair/seed_10/command.txt,"official ReFlex FLUX-dev runner with local dynamic-latent compatibility patch; source image resized with max_image_size=512 before ReFlex processing; source prompt, target prompt, and seed match; automatic attention-mask mode; num_inference_steps=28, guidance_scale=3.5, feature_steps=5, attn_topk=20",,official ReFlex FLUX-dev runner
reflex,pillow_same_color_cable_knit_armchair,11,complete,data/phase2_candidates/pexels_green_chair_white_pillow_6312055.jpg,A photo of a plain white throw pillow centered on a green velvet armchair against a tiled wall.,"A photo of the same plain white throw pillow on the same green velvet armchair, with the entire pillow surface changed into same-color white chunky cable-knit fabric with thick braided knitted columns, while preserving the pillow shape, seams, shadows, chair, tiled wall, floor, and the rest of the scene.",outputs/baselines/reflex/pillow_same_color_cable_knit_armchair/seed_11/result.png,outputs/baselines/reflex/pillow_same_color_cable_knit_armchair/seed_11/metadata.json,outputs/baselines/reflex/pillow_same_color_cable_knit_armchair/seed_11/command.txt,"official ReFlex FLUX-dev runner with local dynamic-latent compatibility patch; source image resized with max_image_size=512 before ReFlex processing; source prompt, target prompt, and seed match; automatic attention-mask mode; num_inference_steps=28, guidance_scale=3.5, feature_steps=5, attn_topk=20",,official ReFlex FLUX-dev runner
reflex,pillow_same_color_cable_knit_armchair,12,complete,data/phase2_candidates/pexels_green_chair_white_pillow_6312055.jpg,A photo of a plain white throw pillow centered on a green velvet armchair against a tiled wall.,"A photo of the same plain white throw pillow on the same green velvet armchair, with the entire pillow surface changed into same-color white chunky cable-knit fabric with thick braided knitted columns, while preserving the pillow shape, seams, shadows, chair, tiled wall, floor, and the rest of the scene.",outputs/baselines/reflex/pillow_same_color_cable_knit_armchair/seed_12/result.png,outputs/baselines/reflex/pillow_same_color_cable_knit_armchair/seed_12/metadata.json,outputs/baselines/reflex/pillow_same_color_cable_knit_armchair/seed_12/command.txt,"official ReFlex FLUX-dev runner with local dynamic-latent compatibility patch; source image resized with max_image_size=512 before ReFlex processing; source prompt, target prompt, and seed match; automatic attention-mask mode; num_inference_steps=28, guidance_scale=3.5, feature_steps=5, attn_topk=20",,official ReFlex FLUX-dev runner
sam_flow_sd3,pillow_same_color_cable_knit,10,complete,data/phase2_candidates/pexels_white_pillow_brown_sofa_6312089.jpg,A cozy living room photo with a plain white pillow on a brown sofa.,"A photo of the same white pillow on the same brown sofa, with the entire pillow surface changed into same-color white chunky cable-knit fabric with thick braided knitted columns, while preserving the pillow shape, outline, lighting, sofa, background, and the rest of the scene.",outputs/baselines/sam_flow_sd3/pillow_same_color_cable_knit/seed_10/result.png,outputs/baselines/sam_flow_sd3/pillow_same_color_cable_knit/seed_10/metadata.json,outputs/baselines/sam_flow_sd3/pillow_same_color_cable_knit/seed_10/command.txt,"official Sam-Flow sd3 run_image.py; source image resized to max_image_size=512; source prompt, target prompt, seed, and fixed task mask tokens match the Phase2 manifest; config=configs/sd3.yaml; backbone=stabilityai/stable-diffusion-3-medium-diffusers",,official Sam-Flow-SD3 runner
sam_flow_sd3,pillow_same_color_cable_knit,11,complete,data/phase2_candidates/pexels_white_pillow_brown_sofa_6312089.jpg,A cozy living room photo with a plain white pillow on a brown sofa.,"A photo of the same white pillow on the same brown sofa, with the entire pillow surface changed into same-color white chunky cable-knit fabric with thick braided knitted columns, while preserving the pillow shape, outline, lighting, sofa, background, and the rest of the scene.",outputs/baselines/sam_flow_sd3/pillow_same_color_cable_knit/seed_11/result.png,outputs/baselines/sam_flow_sd3/pillow_same_color_cable_knit/seed_11/metadata.json,outputs/baselines/sam_flow_sd3/pillow_same_color_cable_knit/seed_11/command.txt,"official Sam-Flow sd3 run_image.py; source image resized to max_image_size=512; source prompt, target prompt, seed, and fixed task mask tokens match the Phase2 manifest; config=configs/sd3.yaml; backbone=stabilityai/stable-diffusion-3-medium-diffusers",,official Sam-Flow-SD3 runner
sam_flow_sd3,pillow_same_color_cable_knit,12,complete,data/phase2_candidates/pexels_white_pillow_brown_sofa_6312089.jpg,A cozy living room photo with a plain white pillow on a brown sofa.,"A photo of the same white pillow on the same brown sofa, with the entire pillow surface changed into same-color white chunky cable-knit fabric with thick braided knitted columns, while preserving the pillow shape, outline, lighting, sofa, background, and the rest of the scene.",outputs/baselines/sam_flow_sd3/pillow_same_color_cable_knit/seed_12/result.png,outputs/baselines/sam_flow_sd3/pillow_same_color_cable_knit/seed_12/metadata.json,outputs/baselines/sam_flow_sd3/pillow_same_color_cable_knit/seed_12/command.txt,"official Sam-Flow sd3 run_image.py; source image resized to max_image_size=512; source prompt, target prompt, seed, and fixed task mask tokens match the Phase2 manifest; config=configs/sd3.yaml; backbone=stabilityai/stable-diffusion-3-medium-diffusers",,official Sam-Flow-SD3 runner
sam_flow_sd3,pillow_same_color_cable_knit_grey,10,complete,data/pretty_free_candidates/pexels_plain_pillow_sofa_phase1.jpg,"A cozy living room photo with a plain dark grey pillow on a rattan-backed sofa beside a wooden table, soft natural light, and a simple home interior.","A photo of the same plain dark grey pillow on the same rattan-backed sofa, with the entire pillow surface uniformly changed into same-color dark grey chunky cable-knit fabric, the same thick braided knitted columns covering every part of the pillow including the brightly lit left side, while preserving the pillow shape, outline, lighting, sofa, table, wall, and the rest of the scene.",outputs/baselines/sam_flow_sd3/pillow_same_color_cable_knit_grey/seed_10/result.png,outputs/baselines/sam_flow_sd3/pillow_same_color_cable_knit_grey/seed_10/metadata.json,outputs/baselines/sam_flow_sd3/pillow_same_color_cable_knit_grey/seed_10/command.txt,"official Sam-Flow sd3 run_image.py; source image resized to max_image_size=512; source prompt, target prompt, seed, and fixed task mask tokens match the Phase2 manifest; config=configs/sd3.yaml; backbone=stabilityai/stable-diffusion-3-medium-diffusers",,official Sam-Flow-SD3 runner
sam_flow_sd3,pillow_same_color_cable_knit_grey,11,complete,data/pretty_free_candidates/pexels_plain_pillow_sofa_phase1.jpg,"A cozy living room photo with a plain dark grey pillow on a rattan-backed sofa beside a wooden table, soft natural light, and a simple home interior.","A photo of the same plain dark grey pillow on the same rattan-backed sofa, with the entire pillow surface uniformly changed into same-color dark grey chunky cable-knit fabric, the same thick braided knitted columns covering every part of the pillow including the brightly lit left side, while preserving the pillow shape, outline, lighting, sofa, table, wall, and the rest of the scene.",outputs/baselines/sam_flow_sd3/pillow_same_color_cable_knit_grey/seed_11/result.png,outputs/baselines/sam_flow_sd3/pillow_same_color_cable_knit_grey/seed_11/metadata.json,outputs/baselines/sam_flow_sd3/pillow_same_color_cable_knit_grey/seed_11/command.txt,"official Sam-Flow sd3 run_image.py; source image resized to max_image_size=512; source prompt, target prompt, seed, and fixed task mask tokens match the Phase2 manifest; config=configs/sd3.yaml; backbone=stabilityai/stable-diffusion-3-medium-diffusers",,official Sam-Flow-SD3 runner
sam_flow_sd3,pillow_same_color_cable_knit_grey,12,complete,data/pretty_free_candidates/pexels_plain_pillow_sofa_phase1.jpg,"A cozy living room photo with a plain dark grey pillow on a rattan-backed sofa beside a wooden table, soft natural light, and a simple home interior.","A photo of the same plain dark grey pillow on the same rattan-backed sofa, with the entire pillow surface uniformly changed into same-color dark grey chunky cable-knit fabric, the same thick braided knitted columns covering every part of the pillow including the brightly lit left side, while preserving the pillow shape, outline, lighting, sofa, table, wall, and the rest of the scene.",outputs/baselines/sam_flow_sd3/pillow_same_color_cable_knit_grey/seed_12/result.png,outputs/baselines/sam_flow_sd3/pillow_same_color_cable_knit_grey/seed_12/metadata.json,outputs/baselines/sam_flow_sd3/pillow_same_color_cable_knit_grey/seed_12/command.txt,"official Sam-Flow sd3 run_image.py; source image resized to max_image_size=512; source prompt, target prompt, seed, and fixed task mask tokens match the Phase2 manifest; config=configs/sd3.yaml; backbone=stabilityai/stable-diffusion-3-medium-diffusers",,official Sam-Flow-SD3 runner
sam_flow_sd3,pillow_same_color_cable_knit_armchair,10,complete,data/phase2_candidates/pexels_green_chair_white_pillow_6312055.jpg,A photo of a plain white throw pillow centered on a green velvet armchair against a tiled wall.,"A photo of the same plain white throw pillow on the same green velvet armchair, with the entire pillow surface changed into same-color white chunky cable-knit fabric with thick braided knitted columns, while preserving the pillow shape, seams, shadows, chair, tiled wall, floor, and the rest of the scene.",outputs/baselines/sam_flow_sd3/pillow_same_color_cable_knit_armchair/seed_10/result.png,outputs/baselines/sam_flow_sd3/pillow_same_color_cable_knit_armchair/seed_10/metadata.json,outputs/baselines/sam_flow_sd3/pillow_same_color_cable_knit_armchair/seed_10/command.txt,"official Sam-Flow sd3 run_image.py; source image resized to max_image_size=512; source prompt, target prompt, seed, and fixed task mask tokens match the Phase2 manifest; config=configs/sd3.yaml; backbone=stabilityai/stable-diffusion-3-medium-diffusers",,official Sam-Flow-SD3 runner
sam_flow_sd3,pillow_same_color_cable_knit_armchair,11,complete,data/phase2_candidates/pexels_green_chair_white_pillow_6312055.jpg,A photo of a plain white throw pillow centered on a green velvet armchair against a tiled wall.,"A photo of the same plain white throw pillow on the same green velvet armchair, with the entire pillow surface changed into same-color white chunky cable-knit fabric with thick braided knitted columns, while preserving the pillow shape, seams, shadows, chair, tiled wall, floor, and the rest of the scene.",outputs/baselines/sam_flow_sd3/pillow_same_color_cable_knit_armchair/seed_11/result.png,outputs/baselines/sam_flow_sd3/pillow_same_color_cable_knit_armchair/seed_11/metadata.json,outputs/baselines/sam_flow_sd3/pillow_same_color_cable_knit_armchair/seed_11/command.txt,"official Sam-Flow sd3 run_image.py; source image resized to max_image_size=512; source prompt, target prompt, seed, and fixed task mask tokens match the Phase2 manifest; config=configs/sd3.yaml; backbone=stabilityai/stable-diffusion-3-medium-diffusers",,official Sam-Flow-SD3 runner
sam_flow_sd3,pillow_same_color_cable_knit_armchair,12,complete,data/phase2_candidates/pexels_green_chair_white_pillow_6312055.jpg,A photo of a plain white throw pillow centered on a green velvet armchair against a tiled wall.,"A photo of the same plain white throw pillow on the same green velvet armchair, with the entire pillow surface changed into same-color white chunky cable-knit fabric with thick braided knitted columns, while preserving the pillow shape, seams, shadows, chair, tiled wall, floor, and the rest of the scene.",outputs/baselines/sam_flow_sd3/pillow_same_color_cable_knit_armchair/seed_12/result.png,outputs/baselines/sam_flow_sd3/pillow_same_color_cable_knit_armchair/seed_12/metadata.json,outputs/baselines/sam_flow_sd3/pillow_same_color_cable_knit_armchair/seed_12/command.txt,"official Sam-Flow sd3 run_image.py; source image resized to max_image_size=512; source prompt, target prompt, seed, and fixed task mask tokens match the Phase2 manifest; config=configs/sd3.yaml; backbone=stabilityai/stable-diffusion-3-medium-diffusers",,official Sam-Flow-SD3 runner
sam_flow_flux,pillow_same_color_cable_knit,10,complete,data/phase2_candidates/pexels_white_pillow_brown_sofa_6312089.jpg,A cozy living room photo with a plain white pillow on a brown sofa.,"A photo of the same white pillow on the same brown sofa, with the entire pillow surface changed into same-color white chunky cable-knit fabric with thick braided knitted columns, while preserving the pillow shape, outline, lighting, sofa, background, and the rest of the scene.",outputs/baselines/sam_flow_flux/pillow_same_color_cable_knit/seed_10/result.png,outputs/baselines/sam_flow_flux/pillow_same_color_cable_knit/seed_10/metadata.json,outputs/baselines/sam_flow_flux/pillow_same_color_cable_knit/seed_10/command.txt,"official Sam-Flow flux run_image.py; source image resized to max_image_size=512; source prompt, target prompt, seed, and fixed task mask tokens match the Phase2 manifest; config=configs/flux.yaml; backbone=black-forest-labs/FLUX.1-dev",,official Sam-Flow-FLUX/context runner
sam_flow_flux,pillow_same_color_cable_knit,11,complete,data/phase2_candidates/pexels_white_pillow_brown_sofa_6312089.jpg,A cozy living room photo with a plain white pillow on a brown sofa.,"A photo of the same white pillow on the same brown sofa, with the entire pillow surface changed into same-color white chunky cable-knit fabric with thick braided knitted columns, while preserving the pillow shape, outline, lighting, sofa, background, and the rest of the scene.",outputs/baselines/sam_flow_flux/pillow_same_color_cable_knit/seed_11/result.png,outputs/baselines/sam_flow_flux/pillow_same_color_cable_knit/seed_11/metadata.json,outputs/baselines/sam_flow_flux/pillow_same_color_cable_knit/seed_11/command.txt,"official Sam-Flow flux run_image.py; source image resized to max_image_size=512; source prompt, target prompt, seed, and fixed task mask tokens match the Phase2 manifest; config=configs/flux.yaml; backbone=black-forest-labs/FLUX.1-dev",,official Sam-Flow-FLUX/context runner
sam_flow_flux,pillow_same_color_cable_knit,12,complete,data/phase2_candidates/pexels_white_pillow_brown_sofa_6312089.jpg,A cozy living room photo with a plain white pillow on a brown sofa.,"A photo of the same white pillow on the same brown sofa, with the entire pillow surface changed into same-color white chunky cable-knit fabric with thick braided knitted columns, while preserving the pillow shape, outline, lighting, sofa, background, and the rest of the scene.",outputs/baselines/sam_flow_flux/pillow_same_color_cable_knit/seed_12/result.png,outputs/baselines/sam_flow_flux/pillow_same_color_cable_knit/seed_12/metadata.json,outputs/baselines/sam_flow_flux/pillow_same_color_cable_knit/seed_12/command.txt,"official Sam-Flow flux run_image.py; source image resized to max_image_size=512; source prompt, target prompt, seed, and fixed task mask tokens match the Phase2 manifest; config=configs/flux.yaml; backbone=black-forest-labs/FLUX.1-dev",,official Sam-Flow-FLUX/context runner
sam_flow_flux,pillow_same_color_cable_knit_grey,10,complete,data/pretty_free_candidates/pexels_plain_pillow_sofa_phase1.jpg,"A cozy living room photo with a plain dark grey pillow on a rattan-backed sofa beside a wooden table, soft natural light, and a simple home interior.","A photo of the same plain dark grey pillow on the same rattan-backed sofa, with the entire pillow surface uniformly changed into same-color dark grey chunky cable-knit fabric, the same thick braided knitted columns covering every part of the pillow including the brightly lit left side, while preserving the pillow shape, outline, lighting, sofa, table, wall, and the rest of the scene.",outputs/baselines/sam_flow_flux/pillow_same_color_cable_knit_grey/seed_10/result.png,outputs/baselines/sam_flow_flux/pillow_same_color_cable_knit_grey/seed_10/metadata.json,outputs/baselines/sam_flow_flux/pillow_same_color_cable_knit_grey/seed_10/command.txt,"official Sam-Flow flux run_image.py; source image resized to max_image_size=512; source prompt, target prompt, seed, and fixed task mask tokens match the Phase2 manifest; config=configs/flux.yaml; backbone=black-forest-labs/FLUX.1-dev",,official Sam-Flow-FLUX/context runner
sam_flow_flux,pillow_same_color_cable_knit_grey,11,complete,data/pretty_free_candidates/pexels_plain_pillow_sofa_phase1.jpg,"A cozy living room photo with a plain dark grey pillow on a rattan-backed sofa beside a wooden table, soft natural light, and a simple home interior.","A photo of the same plain dark grey pillow on the same rattan-backed sofa, with the entire pillow surface uniformly changed into same-color dark grey chunky cable-knit fabric, the same thick braided knitted columns covering every part of the pillow including the brightly lit left side, while preserving the pillow shape, outline, lighting, sofa, table, wall, and the rest of the scene.",outputs/baselines/sam_flow_flux/pillow_same_color_cable_knit_grey/seed_11/result.png,outputs/baselines/sam_flow_flux/pillow_same_color_cable_knit_grey/seed_11/metadata.json,outputs/baselines/sam_flow_flux/pillow_same_color_cable_knit_grey/seed_11/command.txt,"official Sam-Flow flux run_image.py; source image resized to max_image_size=512; source prompt, target prompt, seed, and fixed task mask tokens match the Phase2 manifest; config=configs/flux.yaml; backbone=black-forest-labs/FLUX.1-dev",,official Sam-Flow-FLUX/context runner
sam_flow_flux,pillow_same_color_cable_knit_grey,12,complete,data/pretty_free_candidates/pexels_plain_pillow_sofa_phase1.jpg,"A cozy living room photo with a plain dark grey pillow on a rattan-backed sofa beside a wooden table, soft natural light, and a simple home interior.","A photo of the same plain dark grey pillow on the same rattan-backed sofa, with the entire pillow surface uniformly changed into same-color dark grey chunky cable-knit fabric, the same thick braided knitted columns covering every part of the pillow including the brightly lit left side, while preserving the pillow shape, outline, lighting, sofa, table, wall, and the rest of the scene.",outputs/baselines/sam_flow_flux/pillow_same_color_cable_knit_grey/seed_12/result.png,outputs/baselines/sam_flow_flux/pillow_same_color_cable_knit_grey/seed_12/metadata.json,outputs/baselines/sam_flow_flux/pillow_same_color_cable_knit_grey/seed_12/command.txt,"official Sam-Flow flux run_image.py; source image resized to max_image_size=512; source prompt, target prompt, seed, and fixed task mask tokens match the Phase2 manifest; config=configs/flux.yaml; backbone=black-forest-labs/FLUX.1-dev",,official Sam-Flow-FLUX/context runner
sam_flow_flux,pillow_same_color_cable_knit_armchair,10,complete,data/phase2_candidates/pexels_green_chair_white_pillow_6312055.jpg,A photo of a plain white throw pillow centered on a green velvet armchair against a tiled wall.,"A photo of the same plain white throw pillow on the same green velvet armchair, with the entire pillow surface changed into same-color white chunky cable-knit fabric with thick braided knitted columns, while preserving the pillow shape, seams, shadows, chair, tiled wall, floor, and the rest of the scene.",outputs/baselines/sam_flow_flux/pillow_same_color_cable_knit_armchair/seed_10/result.png,outputs/baselines/sam_flow_flux/pillow_same_color_cable_knit_armchair/seed_10/metadata.json,outputs/baselines/sam_flow_flux/pillow_same_color_cable_knit_armchair/seed_10/command.txt,"official Sam-Flow flux run_image.py; source image resized to max_image_size=512; source prompt, target prompt, seed, and fixed task mask tokens match the Phase2 manifest; config=configs/flux.yaml; backbone=black-forest-labs/FLUX.1-dev",,official Sam-Flow-FLUX/context runner
sam_flow_flux,pillow_same_color_cable_knit_armchair,11,complete,data/phase2_candidates/pexels_green_chair_white_pillow_6312055.jpg,A photo of a plain white throw pillow centered on a green velvet armchair against a tiled wall.,"A photo of the same plain white throw pillow on the same green velvet armchair, with the entire pillow surface changed into same-color white chunky cable-knit fabric with thick braided knitted columns, while preserving the pillow shape, seams, shadows, chair, tiled wall, floor, and the rest of the scene.",outputs/baselines/sam_flow_flux/pillow_same_color_cable_knit_armchair/seed_11/result.png,outputs/baselines/sam_flow_flux/pillow_same_color_cable_knit_armchair/seed_11/metadata.json,outputs/baselines/sam_flow_flux/pillow_same_color_cable_knit_armchair/seed_11/command.txt,"official Sam-Flow flux run_image.py; source image resized to max_image_size=512; source prompt, target prompt, seed, and fixed task mask tokens match the Phase2 manifest; config=configs/flux.yaml; backbone=black-forest-labs/FLUX.1-dev",,official Sam-Flow-FLUX/context runner
sam_flow_flux,pillow_same_color_cable_knit_armchair,12,complete,data/phase2_candidates/pexels_green_chair_white_pillow_6312055.jpg,A photo of a plain white throw pillow centered on a green velvet armchair against a tiled wall.,"A photo of the same plain white throw pillow on the same green velvet armchair, with the entire pillow surface changed into same-color white chunky cable-knit fabric with thick braided knitted columns, while preserving the pillow shape, seams, shadows, chair, tiled wall, floor, and the rest of the scene.",outputs/baselines/sam_flow_flux/pillow_same_color_cable_knit_armchair/seed_12/result.png,outputs/baselines/sam_flow_flux/pillow_same_color_cable_knit_armchair/seed_12/metadata.json,outputs/baselines/sam_flow_flux/pillow_same_color_cable_knit_armchair/seed_12/command.txt,"official Sam-Flow flux run_image.py; source image resized to max_image_size=512; source prompt, target prompt, seed, and fixed task mask tokens match the Phase2 manifest; config=configs/flux.yaml; backbone=black-forest-labs/FLUX.1-dev",,official Sam-Flow-FLUX/context runner
