avg_beta_t,avg_cos_anchor_region,avg_cos_base_anchor,avg_cos_base_region,avg_cos_rec_base,avg_cos_rec_edit_total,avg_edit_norm,avg_mask_area,avg_rec_energy,avg_rec_norm,bg_dilate_px,bg_dino_source,bg_l1,bg_lpips,bg_lpips_x100,bg_mask_area,bg_psnr,bg_ssim,bg_ssim_luma,clip_direction_similarity,clip_image_source_similarity,clip_source_score,clip_t,clip_target_minus_source,clip_target_score,complete,dilated_edit_mask_area,dino_source_similarity,edit_score,eval_mask_area,failure_flag,failure_note,fill_texture_ratio,final_mask_area,fixed_eval_mask_area,inside_blue_ratio,inside_l1,inside_mask_l1,inside_mask_psnr,inside_mask_rmse,inside_texture_energy,local_clip_prompt,local_clip_source_score,local_clip_t,local_clip_t_full_prompt,local_clip_target_minus_source,local_clip_target_score,local_crop_box,lpips_full,lpips_outside,mask_path,mask_source,max_beta_t,max_edit_norm,max_rec_energy,max_rec_norm,method,method_display,missing,outside_l1,outside_mask_l1,outside_mask_psnr,outside_mask_rmse,peak_gpu_memory_gb,result_image,ring_texture_energy,run,runtime_seconds,seed,source_image,source_l1,source_prompt,source_psnr,source_rmse,source_ssim,source_ssim_luma,target_prompt,task
1.0,0.9276187916596731,1.0000000099341075,0.9276188140114149,-0.4810360123713811,-0.0006510838202302693,51.898045818010964,0.0498511902987957,0.019151380115848344,16.466402769088745,31,0.9729804396629333,0.05350334569811821,0.10197582095861435,10.197582095861435,0.9257056826636905,20.533912707542736,0.5433052778244019,0.5433052778244019,0.08888035267591476,0.9315619468688965,0.26164597272872925,0.277208536863327,0.015562564134597778,0.277208536863327,True,0.07429431733630952,0.8325383067131042,0.015562564134597778,0.03788829985119048,,,0.6631081155980149,0.0498511902987957,0.03788829985119048,0.7522246087756981,0.10529394447803497,0.10529394447803497,15.94930073350512,0.15941712159425733,7.4505696296691895,a red apple inside a bowl,0.30676525831222534,0.24991202354431152,0.32070815563201904,0.013942897319793701,0.32070815563201904,"160,119,336,259",0.12370657920837402,0.11386586725711823,/cluster/users/grad/2025/25t8103/project/experiments/support_v3_2026-06-02/normalized_512/eval_masks/bowl_apple_inside_eval_mask.png,fixed_eval_mask,1.0,96.03804016113281,0.050993435084819794,32.436363220214844,support_v3_controller_rmsgap,CleanEdit,,0.05495549365878105,0.05495549365878105,20.3241101781043,0.09633730459445872,13.382582664489746,/cluster/users/grad/2025/25t8103/project/outputs/phase2_selected_metric_refresh_20260612/bowl_apple_inside/support_v3_controller_rmsgap/seed_10/result.png,11.23582935333252,bowl_apple_inside/support_v3_controller_rmsgap/seed_10,31.467602779001027,10,/cluster/users/grad/2025/25t8103/project/data/pretty_free_candidates/pexels_empty_ceramic_bowl_phase1.jpg,0.056862737983465195,"A top-down photo of an empty blue ceramic bowl on a wooden board in a tidy table setting, with no fruit inside the bowl.",20.047103774385988,0.09945916556048238,0.5362453909601593,0.5362453909601593,"A top-down photo of the same blue ceramic bowl on the same wooden board, with one small red apple centered inside the bowl, while the bowl, board, tableware, leaves, and background remain unchanged.",bowl_apple_inside
1.0,0.9280401170253754,1.0,0.9280401095747948,-0.48069091762105626,-0.0006224760509212501,52.042129933834076,0.0498511902987957,0.019159931398462504,16.47320779164632,31,0.9736758470535278,0.053511541336774826,0.10211771726608276,10.211771726608276,0.9257056826636905,20.532972439213406,0.5432911515235901,0.5432911515235901,0.08978760242462158,0.9301389455795288,0.26038047671318054,0.2762640118598938,0.015883535146713257,0.2762640118598938,True,0.07429431733630952,0.8338726758956909,0.015883535146713257,0.03788829985119048,,,0.654178525772296,0.0498511902987957,0.03788829985119048,0.7511506597115679,0.10452643036842346,0.10452643036842346,16.01775720550565,0.15816563880344073,7.3329925537109375,a red apple inside a bowl,0.30960872769355774,0.25081807374954224,0.32035964727401733,0.010750919580459595,0.32035964727401733,"160,119,336,259",0.12374218553304672,0.11390671133995056,/cluster/users/grad/2025/25t8103/project/experiments/support_v3_2026-06-02/normalized_512/eval_masks/bowl_apple_inside_eval_mask.png,fixed_eval_mask,1.0,96.41053771972656,0.050993435084819794,32.436363220214844,support_v3_controller_rmsgap,CleanEdit,,0.054950036108493805,0.054950036108493805,20.32678817375542,0.09630760687479288,13.382582664489746,/cluster/users/grad/2025/25t8103/project/outputs/phase2_selected_metric_refresh_20260612/bowl_apple_inside/support_v3_controller_rmsgap/seed_11/result.png,11.209466934204102,bowl_apple_inside/support_v3_controller_rmsgap/seed_11,31.64421702400068,11,/cluster/users/grad/2025/25t8103/project/data/pretty_free_candidates/pexels_empty_ceramic_bowl_phase1.jpg,0.05682840198278427,"A top-down photo of an empty blue ceramic bowl on a wooden board in a tidy table setting, with no fruit inside the bowl.",20.056140809956915,0.09935573935542179,0.5363526313308197,0.5363526313308197,"A top-down photo of the same blue ceramic bowl on the same wooden board, with one small red apple centered inside the bowl, while the bowl, board, tableware, leaves, and background remain unchanged.",bowl_apple_inside
1.0,0.9279522250096003,1.000000037252903,0.9279522473613421,-0.48068636531631154,-0.0006180019487752967,52.02209301789602,0.0498511902987957,0.01915331688360311,16.468288342158,31,0.973654568195343,0.05350508168339729,0.10210656374692917,10.210656374692917,0.9257056826636905,20.53227057197453,0.5433427691459656,0.5433427691459656,0.0969286784529686,0.9326440095901489,0.26245516538619995,0.27936476469039917,0.01690959930419922,0.27936476469039917,True,0.07429431733630952,0.8338877558708191,0.01690959930419922,0.03788829985119048,,,0.6570637734591871,0.0498511902987957,0.03788829985119048,0.7508438171218165,0.10482946783304214,0.10482946783304214,15.984265668428758,0.15877667996970293,7.38623571395874,a red apple inside a bowl,0.3095446228981018,0.2518049478530884,0.3237442076206207,0.014199584722518921,0.3237442076206207,"160,119,336,259",0.12367434054613113,0.11387798935174942,/cluster/users/grad/2025/25t8103/project/experiments/support_v3_2026-06-02/normalized_512/eval_masks/bowl_apple_inside_eval_mask.png,fixed_eval_mask,1.0,96.06611633300781,0.050993435084819794,32.436363220214844,support_v3_controller_rmsgap,CleanEdit,,0.05494682118296623,0.05494682118296623,20.32449327046235,0.09633305571807857,13.382582664489746,/cluster/users/grad/2025/25t8103/project/outputs/phase2_selected_metric_refresh_20260612/bowl_apple_inside/support_v3_controller_rmsgap/seed_12/result.png,11.241276741027832,bowl_apple_inside/support_v3_controller_rmsgap/seed_12,32.199818277000304,12,/cluster/users/grad/2025/25t8103/project/data/pretty_free_candidates/pexels_empty_ceramic_bowl_phase1.jpg,0.056836795061826706,"A top-down photo of an empty blue ceramic bowl on a wooden board in a tidy table setting, with no fruit inside the bowl.",20.05083967279612,0.09941639625792861,0.5362092661626711,0.5362092661626711,"A top-down photo of the same blue ceramic bowl on the same wooden board, with one small red apple centered inside the bowl, while the bowl, board, tableware, leaves, and background remain unchanged.",bowl_apple_inside
1.0,0.9354957342147827,1.0,0.9354957515994707,-0.4585974769045909,-0.001783110146789113,41.357947727044426,0.0334821417927742,0.01310335483867675,11.844496289889017,31,0.8846229314804077,0.02776176668703556,0.07640761137008667,7.640761137008667,0.9418596540178571,25.337209198632156,0.7466737627983093,0.7466737627983093,0.15298742055892944,0.9467034339904785,0.3060210943222046,0.29846686124801636,-0.007554233074188232,0.29846686124801636,True,0.058140345982142856,0.7588343620300293,-0.007554233074188232,0.026402064732142856,,,1.19540656778942,0.0334821417927742,0.026402064732142856,0.0,0.10080065578222275,0.10080065578222275,17.74386670457683,0.12966019331460604,8.297028541564941,a yellow lemon inside a wooden bowl,0.24405881762504578,0.27641555666923523,0.2695658802986145,0.025507062673568726,0.2695658802986145,"50,53,176,203",0.08408526331186295,0.08102228492498398,/cluster/users/grad/2025/25t8103/project/experiments/support_v3_2026-06-02/normalized_512/eval_masks/brown_bowl_lemon_phase2_eval_mask.png,fixed_eval_mask,1.0,133.22019958496094,0.0386340357363224,24.084535598754883,support_v3_controller_rmsgap,CleanEdit,,0.02926654741168022,0.02926654741168022,24.922824386854042,0.056736008718418114,13.382582664489746,/cluster/users/grad/2025/25t8103/project/outputs/phase2_selected_metric_refresh_20260612/brown_bowl_lemon_phase2/support_v3_controller_rmsgap/seed_10/result.png,6.94075870513916,brown_bowl_lemon_phase2/support_v3_controller_rmsgap/seed_10,31.605033358999208,10,/cluster/users/grad/2025/25t8103/project/data/phase2_candidates/pexels_wooden_bowls_topdown_6962757.jpg,0.031155195087194443,A top-down photo of a small empty wooden bowl on a pale wooden table beside a larger wooden bowl and folded cloth.,24.46377552788136,0.05981515377957778,0.7392964563896803,0.7392964563896803,"A top-down photo of the same small wooden bowl on the same pale wooden table, with one small yellow lemon wedge centered inside the small bowl, while the bowls, table, folded cloth, lighting, and background remain unchanged.",brown_bowl_lemon_phase2
1.0,0.9352929393450419,1.0000000124176343,0.9352929765979449,-0.45920264969269436,-0.0017069389456689048,41.142691572507225,0.0334821417927742,0.013090803608065471,11.843259652455648,31,0.8853958249092102,0.027759000658988953,0.07662302255630493,7.662302255630493,0.9418596540178571,25.336779667129015,0.7465988397598267,0.7465988397598267,0.156968891620636,0.9461761713027954,0.30628669261932373,0.2995900809764862,-0.006696611642837524,0.2995900809764862,True,0.058140345982142856,0.7604584097862244,-0.006696611642837524,0.026402064732142856,,,1.194904246678786,0.0334821417927742,0.026402064732142856,0.0,0.10172680020332336,0.10172680020332336,17.657117327590562,0.13096164863064289,8.288521766662598,a yellow lemon inside a wooden bowl,0.2449096441268921,0.27864518761634827,0.27076971530914307,0.025860071182250977,0.27076971530914307,"50,53,176,203",0.08431708812713623,0.08121548593044281,/cluster/users/grad/2025/25t8103/project/experiments/support_v3_2026-06-02/normalized_512/eval_masks/brown_bowl_lemon_phase2_eval_mask.png,fixed_eval_mask,1.0,123.97208404541016,0.0386340357363224,24.084535598754883,support_v3_controller_rmsgap,CleanEdit,,0.02926875650882721,0.02926875650882721,24.921141614158252,0.05674700161140775,13.382582664489746,/cluster/users/grad/2025/25t8103/project/outputs/phase2_selected_metric_refresh_20260612/brown_bowl_lemon_phase2/support_v3_controller_rmsgap/seed_11/result.png,6.936557292938232,brown_bowl_lemon_phase2/support_v3_controller_rmsgap/seed_11,31.732424518999323,11,/cluster/users/grad/2025/25t8103/project/data/phase2_candidates/pexels_wooden_bowls_topdown_6962757.jpg,0.03118179738521576,A top-down photo of a small empty wooden bowl on a pale wooden table beside a larger wooden bowl and folded cloth.,24.45144850526259,0.05990010376751191,0.7392561222004939,0.7392561222004939,"A top-down photo of the same small wooden bowl on the same pale wooden table, with one small yellow lemon wedge centered inside the small bowl, while the bowls, table, folded cloth, lighting, and background remain unchanged.",brown_bowl_lemon_phase2
1.0,0.9355094060301781,1.0000000198682149,0.9355094085137049,-0.4587557849784692,-0.001753235176996289,41.239508052666984,0.0334821417927742,0.013095007830997929,11.844192107518515,31,0.8847735524177551,0.027743946760892868,0.07659804075956345,7.659804075956345,0.9418596540178571,25.343733761006316,0.7467224597930908,0.7467224597930908,0.15925279259681702,0.9456827640533447,0.30714020133018494,0.3010156750679016,-0.006124526262283325,0.3010156750679016,True,0.058140345982142856,0.7623848915100098,-0.006124526262283325,0.026402064732142856,,,1.1934109577173095,0.0334821417927742,0.026402064732142856,0.0,0.10166061669588089,0.10166061669588089,17.673066412105086,0.13072139668139252,8.276185989379883,a yellow lemon inside a wooden bowl,0.2460472136735916,0.27914372086524963,0.27201521396636963,0.025968000292778015,0.27201521396636963,"50,53,176,203",0.08431872725486755,0.08116371184587479,/cluster/users/grad/2025/25t8103/project/experiments/support_v3_2026-06-02/normalized_512/eval_masks/brown_bowl_lemon_phase2_eval_mask.png,fixed_eval_mask,1.0,126.98877716064453,0.0386340357363224,24.084535598754883,support_v3_controller_rmsgap,CleanEdit,,0.029239922761917114,0.029239922761917114,24.93201135153287,0.05667603142459843,13.382177829742432,/cluster/users/grad/2025/25t8103/project/outputs/phase2_selected_metric_refresh_20260612/brown_bowl_lemon_phase2/support_v3_controller_rmsgap/seed_12/result.png,6.934900283813477,brown_bowl_lemon_phase2/support_v3_controller_rmsgap/seed_12,31.67796468200322,12,/cluster/users/grad/2025/25t8103/project/data/phase2_candidates/pexels_wooden_bowls_topdown_6962757.jpg,0.03115197829902172,A top-down photo of a small empty wooden bowl on a pale wooden table beside a larger wooden bowl and folded cloth.,24.46295911711463,0.059820776235385426,0.7394204555021017,0.7394204555021017,"A top-down photo of the same small wooden bowl on the same pale wooden table, with one small yellow lemon wedge centered inside the small bowl, while the bowls, table, folded cloth, lighting, and background remain unchanged.",brown_bowl_lemon_phase2
1.0,0.9284804041186968,1.000000002483527,0.9284803941845894,-0.4868350438773632,-1.4274385047012098e-05,46.78253038724264,0.015625,0.026382879509280126,20.711304187774658,31,0.9751905202865601,0.055191539227962494,0.08404787629842758,8.404787629842758,0.9485095796130952,19.8694366325718,0.6550539135932922,0.6550539135932922,0.18914717435836792,0.8740462064743042,0.20630621910095215,0.2690773010253906,0.06277108192443848,0.2690773010253906,True,0.05149042038690476,0.9694455862045288,0.06277108192443848,0.021321614583333332,,,1.1630966070955733,0.015625,0.021321614583333332,0.14776444929116686,0.06682775169610977,0.06682775169610977,18.736682558455712,0.11565538857610004,12.22783374786377,a small golden crown on a cat's head,0.18264347314834595,0.2793232202529907,0.2743607759475708,0.09171730279922485,0.2743607759475708,"165,22,335,135",0.09005337953567505,0.08820280432701111,/cluster/users/grad/2025/25t8103/project/experiments/support_v3_2026-06-02/normalized_512/eval_masks/cat_crown_eval_mask.png,fixed_eval_mask,1.0,99.31346130371094,0.08544035255908966,48.33605194091797,support_v3_controller_rmsgap,CleanEdit,,0.05569009855389595,0.05569009855389595,19.761444483221734,0.10278453508904901,13.382913589477539,/cluster/users/grad/2025/25t8103/project/outputs/phase2_selected_metric_refresh_20260612/cat_crown/support_v3_controller_rmsgap/seed_10/result.png,10.513171195983887,cat_crown/support_v3_controller_rmsgap/seed_10,56.12170172900005,10,/cluster/users/grad/2025/25t8103/project/data/paper_images/cat_sitting_in_grass.jpg,0.05592755973339081,A photo of a cat sitting in grass.,19.736871596028998,0.10307573022933016,0.6547946153559323,0.6547946153559323,"A photo of the same cat sitting in the same grass, wearing a small golden crown centered on top of its head between the ears.",cat_crown
1.0,0.9279267018040022,0.999999982615312,0.9279266943534216,-0.4868722769121329,-1.4518447268111837e-05,46.99246823787689,0.015625,0.0264008786228563,20.72323675950368,31,0.9755768775939941,0.055213119834661484,0.08409225195646286,8.409225195646286,0.9485095796130952,19.864774397596005,0.6548200249671936,0.6548200249671936,0.187681645154953,0.8755397796630859,0.20777031779289246,0.26973530650138855,0.061964988708496094,0.26973530650138855,True,0.05149042038690476,0.9699649810791016,0.061964988708496094,0.021321614583333332,,,1.1587518067011793,0.015625,0.021321614583333332,0.14858233369683752,0.0676349401473999,0.0676349401473999,18.659798866367826,0.11668366364433584,12.170339584350586,a small golden crown on a cat's head,0.1832626760005951,0.2761787176132202,0.2725236713886261,0.089260995388031,0.2725236713886261,"165,22,335,135",0.0901118814945221,0.08817663043737411,/cluster/users/grad/2025/25t8103/project/experiments/support_v3_2026-06-02/normalized_512/eval_masks/cat_crown_eval_mask.png,fixed_eval_mask,1.0,97.23059844970703,0.08544035255908966,48.33605194091797,support_v3_controller_rmsgap,CleanEdit,,0.05572206526994705,0.05572206526994705,19.75607335470907,0.10284811403119845,13.382582664489746,/cluster/users/grad/2025/25t8103/project/outputs/phase2_selected_metric_refresh_20260612/cat_crown/support_v3_controller_rmsgap/seed_11/result.png,10.502973556518555,cat_crown/support_v3_controller_rmsgap/seed_11,55.78100807100054,11,/cluster/users/grad/2025/25t8103/project/data/paper_images/cat_sitting_in_grass.jpg,0.05597607046365738,A photo of a cat sitting in grass.,19.729565829356883,0.10316246446746165,0.6546238820389866,0.6546238820389866,"A photo of the same cat sitting in the same grass, wearing a small golden crown centered on top of its head between the ears.",cat_crown
1.0,0.9282223135232925,1.0000000248352687,0.9282223408420881,-0.48699140797058743,-1.5183007594288256e-05,46.655021011829376,0.015625,0.02638370546628721,20.70752255121867,31,0.9762817621231079,0.05518427863717079,0.0837942585349083,8.37942585349083,0.9485095796130952,19.868637989763116,0.6550444960594177,0.6550444960594177,0.19143706560134888,0.8758444786071777,0.20662108063697815,0.2698209583759308,0.06319987773895264,0.2698209583759308,True,0.05149042038690476,0.9705411195755005,0.06319987773895264,0.021321614583333332,,,1.1646550206097377,0.015625,0.021321614583333332,0.14858233369683752,0.0671117827296257,0.0671117827296257,18.721740494919192,0.11585451814293717,12.249130249023438,a small golden crown on a cat's head,0.1836327612400055,0.278761625289917,0.2743918299674988,0.09075906872749329,0.2743918299674988,"165,22,335,135",0.08980493247509003,0.08783840388059616,/cluster/users/grad/2025/25t8103/project/experiments/support_v3_2026-06-02/normalized_512/eval_masks/cat_crown_eval_mask.png,fixed_eval_mask,1.0,99.9302749633789,0.08544035255908966,48.33605194091797,support_v3_controller_rmsgap,CleanEdit,,0.055681657046079636,0.055681657046079636,19.762835600810124,0.10276807460762495,13.382582664489746,/cluster/users/grad/2025/25t8103/project/outputs/phase2_selected_metric_refresh_20260612/cat_crown/support_v3_controller_rmsgap/seed_12/result.png,10.517389297485352,cat_crown/support_v3_controller_rmsgap/seed_12,55.87736885399863,12,/cluster/users/grad/2025/25t8103/project/data/paper_images/cat_sitting_in_grass.jpg,0.05592536926269531,A photo of a cat sitting in grass.,19.737823044842088,0.103064439974201,0.6547770300941723,0.6547770300941723,"A photo of the same cat sitting in the same grass, wearing a small golden crown centered on top of its head between the ears.",cat_crown
1.0,0.9310315176844597,1.0000000223517418,0.9310314903656641,-0.508110245068868,-0.0009493128794323032,50.707815527915955,0.0691964328289032,0.018367822805885226,16.27909525235494,31,0.9717404246330261,0.05956496670842171,0.09598490595817566,9.598490595817566,0.9029773530505952,20.73243027275631,0.4750421643257141,0.4750421643257141,0.29636821150779724,0.9228788018226624,0.239383265376091,0.31179219484329224,0.07240892946720123,0.31179219484329224,True,0.09702264694940477,0.8928829431533813,0.07240892946720123,0.05151948474702381,,,1.1846822931912202,0.0691964328289032,0.05151948474702381,0.006656888186844184,0.23529088497161865,0.23529088497161865,10.447790440982532,0.30033813385023533,12.123444557189941,a red bow tie on a dog's neck,0.23456519842147827,0.2978719472885132,0.3099129796028137,0.07534778118133545,0.3099129796028137,"68,151,249,329",0.14137233793735504,0.11746849119663239,/cluster/users/grad/2025/25t8103/project/experiments/support_v3_2026-06-02/normalized_512/eval_masks/dog_bow_tie_phase2_eval_mask.png,fixed_eval_mask,1.0,123.0965347290039,0.04754924401640892,31.000043869018555,support_v3_controller_rmsgap,CleanEdit,,0.061902787536382675,0.061902787536382675,20.389481982922334,0.09561497170559595,13.382933616638184,/cluster/users/grad/2025/25t8103/project/outputs/phase2_selected_metric_refresh_20260612/dog_bow_tie_phase2/support_v3_controller_rmsgap/seed_10/result.png,10.233498573303223,dog_bow_tie_phase2/support_v3_controller_rmsgap/seed_10,55.71165374699922,10,/cluster/users/grad/2025/25t8103/project/data/paper_images/dog_sitting_cc0.jpg,0.0708356574177742,A photo of a shaggy grey and white dog sitting in grass.,18.75546825451022,0.11540552134817089,0.44563581604871866,0.44563581604871866,"A photo of the same shaggy grey and white dog sitting in the same grass, wearing a small red bow tie attached at the front of its neck, while the dog, grass, pose, and background remain unchanged.",dog_bow_tie_phase2
1.0,0.9310355211297671,1.0000000099341075,0.9310355211297671,-0.5084679511686166,-0.0009736152793872558,50.69709978501002,0.0691964328289032,0.018381611007498577,16.288705627123516,31,0.9714127779006958,0.059570737183094025,0.0959567129611969,9.59567129611969,0.9029773530505952,20.73149437709324,0.4749673306941986,0.4749673306941986,0.2951107621192932,0.923715353012085,0.2400212287902832,0.3116239011287689,0.07160267233848572,0.3116239011287689,True,0.09702264694940477,0.8910456895828247,0.07160267233848572,0.05151948474702381,,,1.1939822143157353,0.0691964328289032,0.05151948474702381,0.00755951709353492,0.2343614101409912,0.2343614101409912,10.476402586357054,0.29935041921999445,12.226740837097168,a red bow tie on a dog's neck,0.23199476301670074,0.2961641848087311,0.30689537525177,0.07490061223506927,0.30689537525177,"68,151,249,329",0.14147424697875977,0.11750836670398712,/cluster/users/grad/2025/25t8103/project/experiments/support_v3_2026-06-02/normalized_512/eval_masks/dog_bow_tie_phase2_eval_mask.png,fixed_eval_mask,1.0,123.0965347290039,0.04754924401640892,31.000043869018555,support_v3_controller_rmsgap,CleanEdit,,0.061918389052152634,0.061918389052152634,20.386935729942476,0.09564300517196213,13.382933616638184,/cluster/users/grad/2025/25t8103/project/outputs/phase2_selected_metric_refresh_20260612/dog_bow_tie_phase2/support_v3_controller_rmsgap/seed_11/result.png,10.240303993225098,dog_bow_tie_phase2/support_v3_controller_rmsgap/seed_11,55.61963010299951,11,/cluster/users/grad/2025/25t8103/project/data/paper_images/dog_sitting_cc0.jpg,0.07080256938934326,A photo of a shaggy grey and white dog sitting in grass.,18.76376905988588,0.11529528495171909,0.4454349861188285,0.4454349861188285,"A photo of the same shaggy grey and white dog sitting in the same grass, wearing a small red bow tie attached at the front of its neck, while the dog, grass, pose, and background remain unchanged.",dog_bow_tie_phase2
1.0,0.9310127819577853,0.9999999925494194,0.9310127993424734,-0.5087045580148697,-0.0010233182903599907,50.688352266947426,0.0691964328289032,0.018378942137739312,16.286682963371277,31,0.9712875485420227,0.05957372859120369,0.09593284875154495,9.593284875154495,0.9029773530505952,20.73095973848201,0.47499969601631165,0.47499969601631165,0.29447391629219055,0.9237923622131348,0.23988467454910278,0.3112906217575073,0.07140594720840454,0.3112906217575073,True,0.09702264694940477,0.8887457847595215,0.07140594720840454,0.05151948474702381,,,1.196595820711942,0.0691964328289032,0.05151948474702381,0.006431230960171499,0.233669251203537,0.233669251203537,10.498675988707578,0.2985837722740137,12.224480628967285,a red bow tie on a dog's neck,0.23406928777694702,0.2958582043647766,0.3087010979652405,0.07463181018829346,0.3087010979652405,"68,151,249,329",0.1416993886232376,0.11753563582897186,/cluster/users/grad/2025/25t8103/project/experiments/support_v3_2026-06-02/normalized_512/eval_masks/dog_bow_tie_phase2_eval_mask.png,fixed_eval_mask,1.0,123.0965347290039,0.04754924401640892,31.000043869018555,support_v3_controller_rmsgap,CleanEdit,,0.06192246451973915,0.06192246451973915,20.38519485858581,0.09566217636361202,13.382933616638184,/cluster/users/grad/2025/25t8103/project/outputs/phase2_selected_metric_refresh_20260612/dog_bow_tie_phase2/support_v3_controller_rmsgap/seed_12/result.png,10.216048240661621,dog_bow_tie_phase2/support_v3_controller_rmsgap/seed_12,55.69101722499909,12,/cluster/users/grad/2025/25t8103/project/data/paper_images/dog_sitting_cc0.jpg,0.07077077776193619,A photo of a shaggy grey and white dog sitting in grass.,18.77035392169153,0.11520791154005892,0.4453686017526831,0.4453686017526831,"A photo of the same shaggy grey and white dog sitting in the same grass, wearing a small red bow tie attached at the front of its neck, while the dog, grass, pose, and background remain unchanged.",dog_bow_tie_phase2
1.0,0.9328243136405945,1.0000000074505806,0.9328243310252825,-0.3804222842057546,-0.002542851221126815,89.64489885171254,0.22077547013759613,0.015197165276428374,14.710633675257364,31,0.9905683994293213,0.05010657757520676,0.061898116022348404,6.18981160223484,0.6999556929976852,22.061504541699755,0.5203165411949158,0.5203165411949158,0.22525838017463684,0.864537239074707,0.20163777470588684,0.27205753326416016,0.07041975855827332,0.27205753326416016,True,0.3000443070023148,0.9004974961280823,0.07041975855827332,0.2055935329861111,,,0.9408640378387264,0.22077547013759613,0.2055935329861111,0.0060254211197607425,0.09681472182273865,0.09681472182273865,16.642854543844184,0.1471828718935897,9.421545028686523,black sunglasses on a dog's face,0.21489489078521729,0.2893778383731842,0.2755339443683624,0.06063905358314514,0.2755339443683624,"0,0,512,358",0.17567726969718933,0.08411774039268494,/cluster/users/grad/2025/25t8103/project/experiments/support_v3_2026-06-02/normalized_512/eval_masks/dog_front_sunglasses_phase2_eval_mask.png,fixed_eval_mask,1.0,239.25411987304688,0.036935314536094666,26.629667282104492,support_v3_controller_rmsgap,CleanEdit,,0.05196196958422661,0.05196196958422661,21.65629230464651,0.08263906308759277,14.485894203186035,/cluster/users/grad/2025/25t8103/project/outputs/phase2_selected_metric_refresh_20260612/dog_front_sunglasses_phase2/support_v3_controller_rmsgap/seed_10/result.png,10.013715744018555,dog_front_sunglasses_phase2/support_v3_controller_rmsgap/seed_10,56.872274950001156,10,/cluster/users/grad/2025/25t8103/project/data/pretty_free_candidates/commons_dog_front_medusa.jpg,0.06118341162800789,A close-up front-facing portrait of a dog indoors.,20.052912922044918,0.09939266922702628,0.4747179030248697,0.4747179030248697,"A close-up front-facing portrait of the same dog wearing black sunglasses aligned across both eyes indoors, while the dog face, ears, fur, nose, floor, and lighting remain unchanged.",dog_front_sunglasses_phase2
1.0,0.9318337365984917,1.0000000248352687,0.9318337465325991,-0.3805951451261838,-0.002263696673405017,88.55877037843068,0.22077547013759613,0.015257039199544428,14.769886195659637,31,0.9908691644668579,0.050203852355480194,0.061586689203977585,6.1586689203977585,0.6999556929976852,22.03365828880052,0.5203626751899719,0.5203626751899719,0.23142936825752258,0.8701335787773132,0.20253399014472961,0.2739453911781311,0.07141140103340149,0.2739453911781311,True,0.3000443070023148,0.9112212061882019,0.07141140103340149,0.2055935329861111,,,0.9621761523709964,0.22077547013759613,0.2055935329861111,0.005167788186656111,0.09910131990909576,0.09910131990909576,16.489500851251783,0.14980453381785402,9.592290878295898,black sunglasses on a dog's face,0.2141120880842209,0.2969251573085785,0.2786104679107666,0.06449837982654572,0.2786104679107666,"0,0,512,358",0.17719584703445435,0.08455698937177658,/cluster/users/grad/2025/25t8103/project/experiments/support_v3_2026-06-02/normalized_512/eval_masks/dog_front_sunglasses_phase2_eval_mask.png,fixed_eval_mask,1.0,239.25411987304688,0.036935314536094666,26.629667282104492,support_v3_controller_rmsgap,CleanEdit,,0.05221268907189369,0.05221268907189369,21.5928379893218,0.08324498905352683,14.485894203186035,/cluster/users/grad/2025/25t8103/project/outputs/phase2_selected_metric_refresh_20260612/dog_front_sunglasses_phase2/support_v3_controller_rmsgap/seed_11/result.png,9.96937084197998,dog_front_sunglasses_phase2/support_v3_controller_rmsgap/seed_11,56.73983482100084,11,/cluster/users/grad/2025/25t8103/project/data/pretty_free_candidates/commons_dog_front_medusa.jpg,0.061852697283029556,A close-up front-facing portrait of a dog indoors.,19.948697795161166,0.10059238616863776,0.4745124107164982,0.4745124107164982,"A close-up front-facing portrait of the same dog wearing black sunglasses aligned across both eyes indoors, while the dog face, ears, fur, nose, floor, and lighting remain unchanged.",dog_front_sunglasses_phase2
1.0,0.9313053836425146,1.0000000149011612,0.931305393576622,-0.3819432680805524,-0.0025089207953593964,92.40733714898427,0.22077547013759613,0.015162363534424609,14.685553630193075,31,0.9899318218231201,0.05010106787085533,0.06232495605945587,6.232495605945587,0.6999556929976852,22.067571398670857,0.5203277468681335,0.5203277468681335,0.22090619802474976,0.8556157350540161,0.2027495950460434,0.2750955820083618,0.07234598696231842,0.2750955820083618,True,0.3000443070023148,0.9126662611961365,0.07234598696231842,0.2055935329861111,,,0.9505785808899438,0.22077547013759613,0.2055935329861111,0.013062409288824383,0.09873946756124496,0.09873946756124496,16.801878697427213,0.14451271660000484,9.46174144744873,black sunglasses on a dog's face,0.21408165991306305,0.28761157393455505,0.27490800619125366,0.06082634627819061,0.27490800619125366,"0,0,512,358",0.17763200402259827,0.0854044258594513,/cluster/users/grad/2025/25t8103/project/experiments/support_v3_2026-06-02/normalized_512/eval_masks/dog_front_sunglasses_phase2_eval_mask.png,fixed_eval_mask,1.0,239.25411987304688,0.036935314536094666,26.629667282104492,support_v3_controller_rmsgap,CleanEdit,,0.05213615670800209,0.05213615670800209,21.624279788486604,0.08294419768127607,14.485894203186035,/cluster/users/grad/2025/25t8103/project/outputs/phase2_selected_metric_refresh_20260612/dog_front_sunglasses_phase2/support_v3_controller_rmsgap/seed_12/result.png,9.953665733337402,dog_front_sunglasses_phase2/support_v3_controller_rmsgap/seed_12,56.88741577899782,12,/cluster/users/grad/2025/25t8103/project/data/pretty_free_candidates/commons_dog_front_medusa.jpg,0.061717499047517776,A close-up front-facing portrait of a dog indoors.,20.105985969909867,0.09878720578537573,0.4717439943909188,0.4717439943909188,"A close-up front-facing portrait of the same dog wearing black sunglasses aligned across both eyes indoors, while the dog face, ears, fur, nose, floor, and lighting remain unchanged.",dog_front_sunglasses_phase2
1.0,0.9321003705263138,0.9999999726812044,0.9321003506580988,-0.34872584805513424,-5.262756450482205e-06,20.400199194749195,0.1026785746216774,0.003976403037086129,15.71079663435618,31,0.9899033904075623,0.004128769505769014,0.01319144293665886,1.319144293665886,0.9260835193452381,35.40833181726828,0.9884178638458252,0.9884178638458252,0.28870609402656555,0.9739573001861572,0.2958424985408783,0.32008227705955505,0.024239778518676758,0.32008227705955505,True,0.0739164806547619,0.9110968112945557,0.024239778518676758,0.032999674479166664,,,0.6061152145593056,0.1026785746216774,0.032999674479166664,0.0,0.38171201944351196,0.38171201944351196,7.087547011026864,0.4422039824200776,2.612595558166504,an orange mug,0.2649022340774536,0.32240432500839233,0.3077029585838318,0.042800724506378174,0.3077029585838318,"69,271,230,465",0.07216023653745651,0.05642101168632507,/cluster/users/grad/2025/25t8103/project/experiments/support_v3_2026-06-02/normalized_512/eval_masks/green_mug_orange_phase2_eval_mask.png,fixed_eval_mask,1.0,62.130985260009766,0.013750034384429455,32.910438537597656,support_v3_controller_rmsgap,CleanEdit,,0.010697092860937119,0.010697092860937119,24.80648487633747,0.05750104748054265,13.417665958404541,/cluster/users/grad/2025/25t8103/project/outputs/phase2_selected_metric_refresh_20260612/green_mug_orange_phase2/support_v3_controller_rmsgap/seed_10/result.png,4.310394287109375,green_mug_orange_phase2/support_v3_controller_rmsgap/seed_10,38.65453093399992,10,/cluster/users/grad/2025/25t8103/project/data/pretty_free_candidates/pexels_green_mug_marble_7828522.jpg,0.022940464317798615,A studio photo of a plain green ceramic mug on a white marble block against a pink background.,20.154654608427425,0.0982352307399018,0.9823553548220473,0.9823553548220473,"A studio photo of the same plain ceramic mug on the same white marble block against the same pink background, with only the mug color changed from green to orange.",green_mug_orange_phase2
1.0,0.9322157204151154,1.000000002483527,0.932215745250384,-0.34815184872907895,-4.9667411351113815e-06,20.512110998233158,0.1026785746216774,0.003972328588133678,15.691212137540182,31,0.9903299808502197,0.0041170367039740086,0.012899661436676979,1.289966143667698,0.9260835193452381,35.43231151558432,0.9884225726127625,0.9884225726127625,0.27339357137680054,0.9690635204315186,0.2979079484939575,0.3232906460762024,0.025382697582244873,0.3232906460762024,True,0.0739164806547619,0.8982693552970886,0.025382697582244873,0.032999674479166664,,,0.5851680406631806,0.1026785746216774,0.032999674479166664,0.0,0.38223519921302795,0.38223519921302795,7.079761173102504,0.4426005419233101,2.5721988677978516,an orange mug,0.2626633644104004,0.32414358854293823,0.30419498682022095,0.04153162240982056,0.30419498682022095,"69,271,230,465",0.07176065444946289,0.0561424158513546,/cluster/users/grad/2025/25t8103/project/experiments/support_v3_2026-06-02/normalized_512/eval_masks/green_mug_orange_phase2_eval_mask.png,fixed_eval_mask,1.0,62.130985260009766,0.013750034384429455,32.86555862426758,support_v3_controller_rmsgap,CleanEdit,,0.010667139664292336,0.010667139664292336,24.825395695355144,0.057375993044264884,13.417665958404541,/cluster/users/grad/2025/25t8103/project/outputs/phase2_selected_metric_refresh_20260612/green_mug_orange_phase2/support_v3_controller_rmsgap/seed_11/result.png,4.395658493041992,green_mug_orange_phase2/support_v3_controller_rmsgap/seed_11,38.77594281599886,11,/cluster/users/grad/2025/25t8103/project/data/pretty_free_candidates/pexels_green_mug_marble_7828522.jpg,0.022928759455680847,A studio photo of a plain green ceramic mug on a white marble block against a pink background.,20.155695016465266,0.098223464690936,0.9823360181495412,0.9823360181495412,"A studio photo of the same plain ceramic mug on the same white marble block against the same pink background, with only the mug color changed from green to orange.",green_mug_orange_phase2
1.0,0.931839774052302,1.0000000173846881,0.9318397715687752,-0.34895241210081923,-4.910995106873391e-06,20.465003430843353,0.1026785746216774,0.003973979954025708,15.706730286280314,31,0.9887348413467407,0.004127564374357462,0.013369384221732616,1.3369384221732616,0.9260835193452381,35.43175300910666,0.9884188771247864,0.9884188771247864,0.2866476774215698,0.972718358039856,0.296867311000824,0.3216857612133026,0.024818450212478638,0.3216857612133026,True,0.0739164806547619,0.9016321897506714,0.024818450212478638,0.032999674479166664,,,0.6135694935876386,0.1026785746216774,0.032999674479166664,0.0,0.381769597530365,0.381769597530365,7.082713565652369,0.4424501245753039,2.6585569381713867,an orange mug,0.26155394315719604,0.32358554005622864,0.3044623136520386,0.04290837049484253,0.3044623136520386,"69,271,230,465",0.07217375189065933,0.056229740381240845,/cluster/users/grad/2025/25t8103/project/experiments/support_v3_2026-06-02/normalized_512/eval_masks/green_mug_orange_phase2_eval_mask.png,fixed_eval_mask,1.0,62.130985260009766,0.013750034384429455,32.92105484008789,support_v3_controller_rmsgap,CleanEdit,,0.010653546079993248,0.010653546079993248,24.845886656375974,0.05724079635328105,13.417665958404541,/cluster/users/grad/2025/25t8103/project/outputs/phase2_selected_metric_refresh_20260612/green_mug_orange_phase2/support_v3_controller_rmsgap/seed_12/result.png,4.332935333251953,green_mug_orange_phase2/support_v3_controller_rmsgap/seed_12,38.943137586000375,12,/cluster/users/grad/2025/25t8103/project/data/pretty_free_candidates/pexels_green_mug_marble_7828522.jpg,0.022900257259607315,A studio photo of a plain green ceramic mug on a white marble block against a pink background.,20.16442631885156,0.09812477729097836,0.9821264120111441,0.9821264120111441,"A studio photo of the same plain ceramic mug on the same white marble block against the same pink background, with only the mug color changed from green to orange.",green_mug_orange_phase2
1.0,0.9080858007073402,0.9999999975164732,0.9080857957402865,-0.43748198946317035,7.3168861331486075e-09,34.75441642602285,0.0096726194024086,0.0074213249802899854,18.80986479918162,31,0.9808913469314575,0.0065306080505251884,0.019168749451637268,1.9168749451637268,0.9462541852678571,34.54334410460107,0.9651729464530945,0.9651729464530945,0.22528637945652008,0.8576595783233643,0.26200008392333984,0.32572776079177856,0.06372767686843872,0.32572776079177856,True,0.053745814732142856,0.8214644193649292,0.06372767686843872,0.025309244791666668,,,2.858473379038738,0.0096726194024086,0.025309244791666668,0.0018373909049150207,0.21217390894889832,0.21217390894889832,8.26768986608818,0.3860250667119121,4.931166172027588,a red heart on a white mug,0.24530482292175293,0.28692322969436646,0.3360797166824341,0.09077489376068115,0.3360797166824341,"189,110,315,221",0.09387346357107162,0.0680091604590416,/cluster/users/grad/2025/25t8103/project/experiments/support_v3_2026-06-02/normalized_512/eval_masks/mug_heart_eval_mask.png,fixed_eval_mask,1.0,165.9480743408203,0.0163195189088583,27.98194694519043,support_v3_controller_rmsgap,CleanEdit,,0.00720483623445034,0.00720483623445034,31.040517698510115,0.028052664327955633,12.228387355804443,/cluster/users/grad/2025/25t8103/project/outputs/phase2_selected_metric_refresh_20260612/mug_heart/support_v3_controller_rmsgap/seed_10/result.png,1.725104808807373,mug_heart/support_v3_controller_rmsgap/seed_10,48.24358635395765,10,/cluster/users/grad/2025/25t8103/project/data/pretty_free_candidates/pexels_white_mug_6312107.jpg,0.01239245105534792,A minimalist photo of a plain white ceramic mug on a grey background.,23.430874167644923,0.0673684090962868,0.955434208847868,0.955434208847868,"A minimalist photo of the same white ceramic mug with a small flat hard-edged solid red heart decal printed cleanly on the front, with sharp printed edges and no glow or blur, while the mug shape, handle, highlights, bottom shadow, grey background, and lighting remain unchanged.",mug_heart
1.0,0.9067313969135284,1.0000000049670537,0.9067314167817434,-0.4391677565872669,7.221388486899442e-09,34.51342604557673,0.0096726194024086,0.0074282535060774535,18.809292435646057,31,0.9810361862182617,0.006288474425673485,0.019129769876599312,1.9129769876599312,0.9462541852678571,34.56272110437817,0.9653872847557068,0.9653872847557068,0.2269095480442047,0.8558183908462524,0.2625845670700073,0.3276312053203583,0.06504663825035095,0.3276312053203583,True,0.053745814732142856,0.8124958276748657,0.06504663825035095,0.025309244791666668,,,2.9145674130911092,0.0096726194024086,0.025309244791666668,0.004593477262287551,0.20755761861801147,0.20755761861801147,8.353139079852664,0.3822460849865852,4.942637920379639,a red heart on a white mug,0.22544646263122559,0.25808990001678467,0.3041800856590271,0.07873362302780151,0.3041800856590271,"189,110,315,221",0.09363687038421631,0.06793414801359177,/cluster/users/grad/2025/25t8103/project/experiments/support_v3_2026-06-02/normalized_512/eval_masks/mug_heart_eval_mask.png,fixed_eval_mask,1.0,165.13510131835938,0.0163195189088583,27.98194694519043,support_v3_controller_rmsgap,CleanEdit,,0.006950896233320236,0.006950896233320236,31.060331650140533,0.027988744491968174,12.228387355804443,/cluster/users/grad/2025/25t8103/project/outputs/phase2_selected_metric_refresh_20260612/mug_heart/support_v3_controller_rmsgap/seed_11/result.png,1.695839285850525,mug_heart/support_v3_controller_rmsgap/seed_11,188.09443619597005,11,/cluster/users/grad/2025/25t8103/project/data/pretty_free_candidates/pexels_white_mug_6312107.jpg,0.012028100900352001,A minimalist photo of a plain white ceramic mug on a grey background.,23.505162603743116,0.06679467942159746,0.9557554823310024,0.9557554823310024,"A minimalist photo of the same white ceramic mug with a small flat hard-edged solid red heart decal printed cleanly on the front, with sharp printed edges and no glow or blur, while the mug shape, handle, highlights, bottom shadow, grey background, and lighting remain unchanged.",mug_heart
1.0,0.9072785675525665,0.9999999751647314,0.907278540233771,-0.43940597648421925,7.023144348924694e-09,35.121918082237244,0.0096726194024086,0.00741166491934564,18.81195565064748,31,0.9785093069076538,0.00684595899656415,0.019521135836839676,1.9521135836839676,0.9462541852678571,34.50389795152696,0.9651762843132019,0.9651762843132019,0.227952241897583,0.8548116683959961,0.2615862488746643,0.32729512453079224,0.06570887565612793,0.32729512453079224,True,0.053745814732142856,0.7562570571899414,0.06570887565612793,0.025309244791666668,,,3.0178128670878683,0.0096726194024086,0.025309244791666668,0.0059715204409738175,0.18351751565933228,0.18351751565933228,9.417037665441951,0.3381801533448304,5.094236373901367,a red heart on a white mug,0.21360790729522705,0.24648813903331757,0.29058611392974854,0.07697820663452148,0.29058611392974854,"189,110,315,221",0.09182415157556534,0.06730679422616959,/cluster/users/grad/2025/25t8103/project/experiments/support_v3_2026-06-02/normalized_512/eval_masks/mug_heart_eval_mask.png,fixed_eval_mask,1.0,165.06503295898438,0.0163195189088583,27.98194694519043,support_v3_controller_rmsgap,CleanEdit,,0.007494150195270777,0.007494150195270777,31.314759653069064,0.02718078637951333,12.228387355804443,/cluster/users/grad/2025/25t8103/project/outputs/phase2_selected_metric_refresh_20260612/mug_heart/support_v3_controller_rmsgap/seed_12/result.png,1.6880557537078857,mug_heart/support_v3_controller_rmsgap/seed_12,58.40453892498044,12,/cluster/users/grad/2025/25t8103/project/data/pretty_free_candidates/pexels_white_mug_6312107.jpg,0.011949168518185616,A minimalist photo of a plain white ceramic mug on a grey background.,24.419386867812456,0.06012161755056365,0.9555451257960642,0.9555451257960642,"A minimalist photo of the same white ceramic mug with a small flat hard-edged solid red heart decal printed cleanly on the front, with sharp printed edges and no glow or blur, while the mug shape, handle, highlights, bottom shadow, grey background, and lighting remain unchanged.",mug_heart
1.0,0.9294547910491625,1.0000000273187954,0.9294548307855924,-0.4154513192673524,-7.6054305946371414e-06,27.168561557928722,0.18004262447357178,0.010549529593845364,31.712945302327473,31,0.9851107597351074,0.049275271594524384,0.10612023621797562,10.612023621797562,0.864990234375,19.751065192693712,0.5494776964187622,0.5494776964187622,0.20953039824962616,0.919873833656311,0.21086525917053223,0.27297723293304443,0.06211197376251221,0.27297723293304443,True,0.135009765625,0.9412346482276917,0.06211197376251221,0.07593883167613637,,,0.6355773364372493,0.18004262447357178,0.07593883167613637,0.9934970042379073,0.44654935598373413,0.44654935598373413,5.794633680828678,0.513178338079281,4.174182415008545,a blue office chair,0.20394332706928253,0.2877337634563446,0.2893528342247009,0.0854095071554184,0.2893528342247009,"0,7,347,257",0.16357876360416412,0.13105931878089905,/cluster/users/grad/2025/25t8103/project/experiments/support_v3_2026-06-02/normalized_512/eval_masks/red_office_chair_to_blue_office_chair_eval_mask.png,fixed_eval_mask,1.0,105.7725830078125,0.028233474120497704,53.683250427246094,support_v3_controller_rmsgap,CleanEdit,,0.056055232882499695,0.056055232882499695,18.427989922012063,0.11983964225413643,13.572125911712646,/cluster/users/grad/2025/25t8103/project/outputs/phase2_selected_metric_refresh_20260612/red_office_chair_to_blue_office_chair/support_v3_controller_rmsgap/seed_10/result.png,6.567544460296631,red_office_chair_to_blue_office_chair/support_v3_controller_rmsgap/seed_10,37.86577726000178,10,/cluster/users/grad/2025/25t8103/project/data/pretty_free_candidates/unsplash_red_office_chair_concrete_lvVWRzm_NwY.jpg,0.08570889383554459,A photo of a red office chair on a concrete floor.,14.779526271422103,0.18239951803369592,0.5778384616034645,0.5778384616034645,"A photo of the same office chair on the same concrete floor, with only the red plastic seat and back shell changed to deep blue while the silver metal base, wheels, wall, and floor remain unchanged.",red_office_chair_to_blue_office_chair
1.0,0.9298568541804949,0.9999999925494194,0.9298568591475487,-0.4154081741968791,-6.438909229207941e-06,27.04416795571645,0.18004262447357178,0.010525595889096925,31.632119576136272,31,0.9847087860107422,0.04928084835410118,0.10619961470365524,10.619961470365524,0.864990234375,19.740431365055663,0.5495228171348572,0.5495228171348572,0.20408785343170166,0.9284411668777466,0.2152467668056488,0.27209317684173584,0.056846410036087036,0.27209317684173584,True,0.135009765625,0.9437358379364014,0.056846410036087036,0.07593883167613637,,,0.6611366590132053,0.18004262447357178,0.07593883167613637,0.9929855326611136,0.44644424319267273,0.44644424319267273,5.761311842238643,0.5151508347443899,4.334677219390869,a blue office chair,0.2031671553850174,0.28821906447410583,0.2916715741157532,0.08850441873073578,0.2916715741157532,"0,7,347,257",0.16294999420642853,0.131826713681221,/cluster/users/grad/2025/25t8103/project/experiments/support_v3_2026-06-02/normalized_512/eval_masks/red_office_chair_to_blue_office_chair_eval_mask.png,fixed_eval_mask,1.0,105.7725830078125,0.028233474120497704,53.683250427246094,support_v3_controller_rmsgap,CleanEdit,,0.05609198659658432,0.05609198659658432,18.402830599676182,0.12018726987092655,13.572125911712646,/cluster/users/grad/2025/25t8103/project/outputs/phase2_selected_metric_refresh_20260612/red_office_chair_to_blue_office_chair/support_v3_controller_rmsgap/seed_11/result.png,6.556401252746582,red_office_chair_to_blue_office_chair/support_v3_controller_rmsgap/seed_11,38.59364733300026,11,/cluster/users/grad/2025/25t8103/project/data/pretty_free_candidates/unsplash_red_office_chair_concrete_lvVWRzm_NwY.jpg,0.08573490381240845,A photo of a red office chair on a concrete floor.,14.749458613650075,0.18303201855274565,0.5786758300449121,0.5786758300449121,"A photo of the same office chair on the same concrete floor, with only the red plastic seat and back shell changed to deep blue while the silver metal base, wheels, wall, and floor remain unchanged.",red_office_chair_to_blue_office_chair
1.0,0.9302381401260694,1.0000000099341075,0.9302381401260694,-0.41568277527888614,-9.411446248700864e-06,27.80379472176234,0.18004262447357178,0.010559591481675549,31.72805341084798,31,0.9833782911300659,0.04925685003399849,0.10626617074012756,10.626617074012756,0.864990234375,19.77825500367963,0.5492013692855835,0.5492013692855835,0.2145012766122818,0.9451446533203125,0.2204459011554718,0.27233821153640747,0.05189231038093567,0.27233821153640747,True,0.135009765625,0.9544109106063843,0.05189231038093567,0.07593883167613637,,,0.8368852183578618,0.18004262447357178,0.07593883167613637,0.9914511179307322,0.4366069734096527,0.4366069734096527,6.025065466962992,0.4997430081338764,5.61712121963501,a blue office chair,0.2141183614730835,0.28435108065605164,0.2946266829967499,0.08050832152366638,0.2946266829967499,"0,7,347,257",0.1597113460302353,0.1308838129043579,/cluster/users/grad/2025/25t8103/project/experiments/support_v3_2026-06-02/normalized_512/eval_masks/red_office_chair_to_blue_office_chair_eval_mask.png,fixed_eval_mask,1.0,105.7725830078125,0.028233474120497704,53.683250427246094,support_v3_controller_rmsgap,CleanEdit,,0.0560726523399353,0.0560726523399353,18.467717975847126,0.1192927639870579,13.572125911712646,/cluster/users/grad/2025/25t8103/project/outputs/phase2_selected_metric_refresh_20260612/red_office_chair_to_blue_office_chair/support_v3_controller_rmsgap/seed_12/result.png,6.711937427520752,red_office_chair_to_blue_office_chair/support_v3_controller_rmsgap/seed_12,38.13284534599734,12,/cluster/users/grad/2025/25t8103/project/data/pretty_free_candidates/unsplash_red_office_chair_concrete_lvVWRzm_NwY.jpg,0.08496997505426407,A photo of a red office chair on a concrete floor.,14.932880268169303,0.17920741964175432,0.5803810970378842,0.5803810970378842,"A photo of the same office chair on the same concrete floor, with only the red plastic seat and back shell changed to deep blue while the silver metal base, wheels, wall, and floor remain unchanged.",red_office_chair_to_blue_office_chair
1.0,0.9468197996417681,1.0000000074505806,0.9468198095758756,-0.35265008235971135,5.31336746393644e-06,32.724530736605324,0.01897321455180645,0.014235306647606194,24.48326011498769,31,0.9664250612258911,0.020504847168922424,0.04821247234940529,4.821247234940529,0.8857945033482143,23.40186047351169,0.8674913644790649,0.8674913644790649,0.14651301503181458,0.7845777869224548,0.23585447669029236,0.2794784605503082,0.04362398386001587,0.2794784605503082,True,0.11420549665178571,0.91629958152771,0.04362398386001587,0.0599365234375,,,1.0180777353928723,0.01897321455180645,0.0599365234375,0.0,0.09812542051076889,0.09812542051076889,15.409676457248544,0.16963527889283203,6.182621955871582,a green leaf decal on a tote bag,0.25415560603141785,0.3324596583843231,0.3046644330024719,0.05050882697105408,0.3046644330024719,"66,146,275,427",0.09278751909732819,0.0742068812251091,/cluster/users/grad/2025/25t8103/project/experiments/support_v3_2026-06-02/normalized_512/eval_masks/tote_leaf_eval_mask.png,fixed_eval_mask,1.0,88.57091522216797,0.057465098798274994,59.47224807739258,support_v3_controller_rmsgap,CleanEdit,,0.02250913344323635,0.02250913344323635,22.595392955231706,0.0741703540721604,13.402976989746094,/cluster/users/grad/2025/25t8103/project/outputs/phase2_selected_metric_refresh_20260612/tote_leaf/support_v3_controller_rmsgap/seed_10/result.png,6.07283878326416,tote_leaf/support_v3_controller_rmsgap/seed_10,35.39153789800184,10,/cluster/users/grad/2025/25t8103/project/data/pretty_free_candidates/pexels_white_tote_bag_4068314.jpg,0.02704130858182907,A photo of a plain beige canvas tote bag held in front of a dark green wall.,21.613865956342032,0.08304370216452371,0.8475398798532648,0.8475398798532648,"A photo of the same beige canvas tote bag with a large centered dark green leaf logo printed clearly on the front panel, while the hand, straps, bag shape, wall, and lighting remain unchanged.",tote_leaf
1.0,0.9513896082838377,1.000000002483527,0.9513896033167839,-0.35185441623131436,5.647634084245586e-06,32.60909587144852,0.01897321455180645,0.014231886302392619,24.47564919789632,31,0.9664126634597778,0.020536765456199646,0.048056501895189285,4.8056501895189285,0.8857945033482143,23.40379475309673,0.8674628734588623,0.8674628734588623,0.14516675472259521,0.7836143970489502,0.2425505816936493,0.2857571840286255,0.043206602334976196,0.2857571840286255,True,0.11420549665178571,0.9096100330352783,0.043206602334976196,0.0599365234375,,,0.9902175723341408,0.01897321455180645,0.0599365234375,0.0,0.08278169482946396,0.08278169482946396,16.539491425510807,0.14894482850387056,6.027345657348633,a green leaf decal on a tote bag,0.2402859330177307,0.3225250244140625,0.2912786602973938,0.050992727279663086,0.2912786602973938,"66,146,275,427",0.08732116967439651,0.07011739164590836,/cluster/users/grad/2025/25t8103/project/experiments/support_v3_2026-06-02/normalized_512/eval_masks/tote_leaf_eval_mask.png,fixed_eval_mask,1.0,67.73162078857422,0.057465098798274994,59.47224807739258,support_v3_controller_rmsgap,CleanEdit,,0.022429384291172028,0.022429384291172028,22.628923972218928,0.07388457872224469,13.402976989746094,/cluster/users/grad/2025/25t8103/project/outputs/phase2_selected_metric_refresh_20260612/tote_leaf/support_v3_controller_rmsgap/seed_11/result.png,6.08689022064209,tote_leaf/support_v3_controller_rmsgap/seed_11,36.28806246900058,11,/cluster/users/grad/2025/25t8103/project/data/pretty_free_candidates/pexels_white_tote_bag_4068314.jpg,0.026046687737107277,A photo of a plain beige canvas tote bag held in front of a dark green wall.,21.896727730699737,0.08038288947646824,0.8486162293041074,0.8486162293041074,"A photo of the same beige canvas tote bag with a large centered dark green leaf logo printed clearly on the front panel, while the hand, straps, bag shape, wall, and lighting remain unchanged.",tote_leaf
1.0,0.9466219842433929,0.9999999925494194,0.9466219941775004,-0.35222731344401836,5.2102920200525205e-06,33.488983591397606,0.01897321455180645,0.014237148820636017,24.481564323107403,31,0.968442440032959,0.020540423691272736,0.048091523349285126,4.809152334928513,0.8857945033482143,23.402510745134173,0.8674359917640686,0.8674359917640686,0.15376847982406616,0.7929872274398804,0.2409716248512268,0.28644973039627075,0.045478105545043945,0.28644973039627075,True,0.11420549665178571,0.9067796468734741,0.045478105545043945,0.0599365234375,,,1.0084566833602617,0.01897321455180645,0.0599365234375,0.0,0.08432354778051376,0.08432354778051376,16.488627529515597,0.1498195966540464,6.123598098754883,a green leaf decal on a tote bag,0.2434527426958084,0.33048003911972046,0.2959253191947937,0.05247257649898529,0.2959253191947937,"66,146,275,427",0.08782942593097687,0.07016211003065109,/cluster/users/grad/2025/25t8103/project/experiments/support_v3_2026-06-02/normalized_512/eval_masks/tote_leaf_eval_mask.png,fixed_eval_mask,1.0,87.48995971679688,0.057465098798274994,59.47224807739258,support_v3_controller_rmsgap,CleanEdit,,0.022445647045969963,0.022445647045969963,22.62618598987753,0.07390787242818343,13.40255355834961,/cluster/users/grad/2025/25t8103/project/outputs/phase2_selected_metric_refresh_20260612/tote_leaf/support_v3_controller_rmsgap/seed_12/result.png,6.07224702835083,tote_leaf/support_v3_controller_rmsgap/seed_12,35.443516118000844,12,/cluster/users/grad/2025/25t8103/project/data/pretty_free_candidates/pexels_white_tote_bag_4068314.jpg,0.02615439146757126,A photo of a plain beige canvas tote bag held in front of a dark green wall.,21.8840430429334,0.08050036469019298,0.8483140273582035,0.8483140273582035,"A photo of the same beige canvas tote bag with a large centered dark green leaf logo printed clearly on the front panel, while the hand, straps, bag shape, wall, and lighting remain unchanged.",tote_leaf
1.0,0.9391775379578272,1.000000002483527,0.9391775677601496,-0.31274131798030186,0.0009368104359358161,40.21844999988874,0.0212053582072258,0.007123160445189569,16.96425187587738,31,0.6116797924041748,0.021037135273218155,0.0927475094795227,9.27475094795227,0.9340239025297619,23.635292072850863,0.8987553715705872,0.8987553715705872,0.2830130159854889,0.8707492351531982,0.23055143654346466,0.2954184114933014,0.06486697494983673,0.2954184114933014,True,0.0659760974702381,0.5291545391082764,0.06486697494983673,0.026913597470238096,,,1.6061891106747914,0.0212053582072258,0.026913597470238096,0.0,0.06414997577667236,0.06414997577667236,17.497034113815864,0.13339768544958316,2.863159656524658,an orange beside a white bowl,0.2071099430322647,0.2566310465335846,0.27173084020614624,0.06462089717388153,0.27173084020614624,"57,180,335,324",0.10248469561338425,0.10119255632162094,/cluster/users/grad/2025/25t8103/project/experiments/support_v3_2026-06-02/normalized_512/eval_masks/white_bowl_orange_tabletop_phase2_eval_mask.png,fixed_eval_mask,1.0,113.12301635742188,0.030687186866998672,45.1731071472168,support_v3_controller_rmsgap,CleanEdit,,0.02317228727042675,0.02317228727042675,22.735059290856707,0.07298725584257662,13.40260362625122,/cluster/users/grad/2025/25t8103/project/outputs/phase2_selected_metric_refresh_20260612/white_bowl_orange_tabletop_phase2/support_v3_controller_rmsgap/seed_10/result.png,1.7825794219970703,white_bowl_orange_tabletop_phase2/support_v3_controller_rmsgap/seed_10,34.590844787002425,10,/cluster/users/grad/2025/25t8103/project/data/phase2_candidates/pexels_sideview_bowl_wood_table_26161017.jpg,0.024275148287415504,"A side-view photo of a white bowl sitting on a wooden tabletop, with empty wooden table space to the left of the bowl.",22.469770049712785,0.07525086518278215,0.8930858262172171,0.8930858262172171,"A side-view photo of the same white bowl sitting on the same wooden tabletop, with one clearly visible small round bright orange fruit resting on the empty wooden table space to the left of the bowl, while the bowl, tabletop, wall, lighting, and background remain unchanged.",white_bowl_orange_tabletop_phase2
1.0,0.938299722969532,1.0,0.9382997527718544,-0.31242037964208674,0.001015504868670784,40.84416822592417,0.0212053582072258,0.007103683941143875,16.930728912353516,31,0.5953916311264038,0.02105625346302986,0.09275747835636139,9.275747835636139,0.9340239025297619,23.62872440690783,0.8986866474151611,0.8986866474151611,0.28807908296585083,0.8791426420211792,0.23202729225158691,0.2955505847930908,0.0635232925415039,0.2955505847930908,True,0.0659760974702381,0.5271192789077759,0.0635232925415039,0.026913597470238096,,,1.6075153913002664,0.0212053582072258,0.026913597470238096,0.0,0.06414292007684708,0.06414292007684708,17.49426655565908,0.13344019631379725,2.8661880493164062,an orange beside a white bowl,0.20372632145881653,0.25378507375717163,0.2682146430015564,0.06448832154273987,0.2682146430015564,"57,180,335,324",0.1025070995092392,0.10118365287780762,/cluster/users/grad/2025/25t8103/project/experiments/support_v3_2026-06-02/normalized_512/eval_masks/white_bowl_orange_tabletop_phase2_eval_mask.png,fixed_eval_mask,1.0,112.96026611328125,0.030687186866998672,45.1731071472168,support_v3_controller_rmsgap,CleanEdit,,0.023192021995782852,0.023192021995782852,22.72839355285121,0.07304328932605861,13.403027057647705,/cluster/users/grad/2025/25t8103/project/outputs/phase2_selected_metric_refresh_20260612/white_bowl_orange_tabletop_phase2/support_v3_controller_rmsgap/seed_11/result.png,1.7829926013946533,white_bowl_orange_tabletop_phase2/support_v3_controller_rmsgap/seed_11,35.38936037301028,11,/cluster/users/grad/2025/25t8103/project/data/phase2_candidates/pexels_sideview_bowl_wood_table_26161017.jpg,0.024294156581163406,"A side-view photo of a white bowl sitting on a wooden tabletop, with empty wooden table space to the left of the bowl.",22.463433043155383,0.07530578635294886,0.8930082672697333,0.8930082672697333,"A side-view photo of the same white bowl sitting on the same wooden tabletop, with one clearly visible small round bright orange fruit resting on the empty wooden table space to the left of the bowl, while the bowl, tabletop, wall, lighting, and background remain unchanged.",white_bowl_orange_tabletop_phase2
1.0,0.9379058058063189,1.0000000322858493,0.9379058082898458,-0.3120388373499736,0.0009876696156728333,39.94510853290558,0.0212053582072258,0.007136620988603681,16.980377912521362,31,0.5981216430664062,0.02104169875383377,0.09274046123027802,9.274046123027802,0.9340239025297619,23.617834434463436,0.8987724781036377,0.8987724781036377,0.2846614420413971,0.8730684518814087,0.2317279577255249,0.2963360846042633,0.0646081268787384,0.2963360846042633,True,0.0659760974702381,0.5258028507232666,0.0646081268787384,0.026913597470238096,,,1.6025203767765666,0.0212053582072258,0.026913597470238096,0.0,0.06429311633110046,0.06429311633110046,17.468592512803998,0.13383520681034683,2.853701591491699,an orange beside a white bowl,0.20653045177459717,0.25390973687171936,0.27029749751091003,0.06376704573631287,0.27029749751091003,"57,180,335,324",0.10247093439102173,0.10115184634923935,/cluster/users/grad/2025/25t8103/project/experiments/support_v3_2026-06-02/normalized_512/eval_masks/white_bowl_orange_tabletop_phase2_eval_mask.png,fixed_eval_mask,1.0,115.15250396728516,0.030687186866998672,45.1731071472168,support_v3_controller_rmsgap,CleanEdit,,0.02318486012518406,0.02318486012518406,22.715509144261794,0.07315172012408756,13.403017044067383,/cluster/users/grad/2025/25t8103/project/outputs/phase2_selected_metric_refresh_20260612/white_bowl_orange_tabletop_phase2/support_v3_controller_rmsgap/seed_12/result.png,1.7807583808898926,white_bowl_orange_tabletop_phase2/support_v3_controller_rmsgap/seed_12,52.33184218300448,12,/cluster/users/grad/2025/25t8103/project/data/phase2_candidates/pexels_sideview_bowl_wood_table_26161017.jpg,0.024291234090924263,"A side-view photo of a white bowl sitting on a wooden tabletop, with empty wooden table space to the left of the bowl.",22.449466647579914,0.07542697099548144,0.8930690871666896,0.8930690871666896,"A side-view photo of the same white bowl sitting on the same wooden tabletop, with one clearly visible small round bright orange fruit resting on the empty wooden table space to the left of the bowl, while the bowl, tabletop, wall, lighting, and background remain unchanged.",white_bowl_orange_tabletop_phase2
1.0,0.9395779718955358,1.0,0.9395779892802238,-0.37868691856662434,-0.004715246226624004,14.32070110241572,0.1476934552192688,0.01052088016391887,30.089732726414997,31,0.8714410066604614,0.015431517735123634,0.047914326190948486,4.791432619094849,0.8955426897321429,28.23102908130831,0.9173630475997925,0.9173630475997925,0.14972034096717834,0.8432683944702148,0.23071381449699402,0.2632138431072235,0.03250002861022949,0.2632138431072235,True,0.10445731026785714,0.9206333160400391,0.03250002861022949,0.05458286830357143,,,0.5936178139447317,0.1476934552192688,0.05458286830357143,0.9732694355697551,0.35911253094673157,0.35911253094673157,6.891998559252199,0.4522723858134086,3.1963937282562256,a blue vase,0.22656482458114624,0.24070137739181519,0.26430976390838623,0.03774493932723999,0.26430976390838623,"61,263,275,497",0.11269605904817581,0.09577347338199615,/cluster/users/grad/2025/25t8103/project/experiments/support_v3_2026-06-02/normalized_512/eval_masks/yellow_vase_blue_phase2_eval_mask.png,fixed_eval_mask,1.0,22.747955322265625,0.037201281636953354,62.5562629699707,support_v3_controller_rmsgap,CleanEdit,,0.021950626745820045,0.021950626745820045,23.453109223944004,0.067196172886354,13.41562032699585,/cluster/users/grad/2025/25t8103/project/outputs/phase2_selected_metric_refresh_20260612/yellow_vase_blue_phase2/support_v3_controller_rmsgap/seed_10/result.png,5.384598731994629,yellow_vase_blue_phase2/support_v3_controller_rmsgap/seed_10,38.343413479000446,10,/cluster/users/grad/2025/25t8103/project/data/pretty_free_candidates/pexels_yellow_ceramic_vase_8356822.jpg,0.04035390168428421,A still-life photo of a small yellow ceramic vase resting on white fabric.,18.115268583734963,0.12423288501833869,0.9180380375537345,0.9180380375537345,"A still-life photo of the same small ceramic vase resting on the same white fabric, with only the vase color changed from yellow to deep blue while the fabric, lighting, and shadows remain unchanged.",yellow_vase_blue_phase2
1.0,0.9415800174077352,1.0000000149011612,0.9415800347924232,-0.37654975180824596,-0.005058796491236232,13.979520857334137,0.1476934552192688,0.010557754154433496,30.186871846516926,31,0.8638273477554321,0.015432223677635193,0.0479159913957119,4.79159913957119,0.8955426897321429,28.250701013223033,0.9173376560211182,0.9173376560211182,0.14287953078746796,0.8344528675079346,0.2358197569847107,0.267450213432312,0.03163045644760132,0.267450213432312,True,0.10445731026785714,0.8996923565864563,0.03163045644760132,0.05458286830357143,,,0.5897334048028275,0.1476934552192688,0.05458286830357143,0.9753993610223642,0.3542075753211975,0.3542075753211975,6.942260916532625,0.4496627934967501,3.1907315254211426,a blue vase,0.23013797402381897,0.2519848048686981,0.2652289569377899,0.03509098291397095,0.2652289569377899,"61,263,275,497",0.11243893206119537,0.0952553004026413,/cluster/users/grad/2025/25t8103/project/experiments/support_v3_2026-06-02/normalized_512/eval_masks/yellow_vase_blue_phase2_eval_mask.png,fixed_eval_mask,1.0,21.511066436767578,0.037201281636953354,62.5562629699707,support_v3_controller_rmsgap,CleanEdit,,0.021853001788258553,0.021853001788258553,23.53214961037385,0.06658747082079096,13.415894985198975,/cluster/users/grad/2025/25t8103/project/outputs/phase2_selected_metric_refresh_20260612/yellow_vase_blue_phase2/support_v3_controller_rmsgap/seed_11/result.png,5.410464286804199,yellow_vase_blue_phase2/support_v3_controller_rmsgap/seed_11,38.512061279998306,11,/cluster/users/grad/2025/25t8103/project/data/pretty_free_candidates/pexels_yellow_ceramic_vase_8356822.jpg,0.03999386355280876,A still-life photo of a small yellow ceramic vase resting on white fabric.,18.173471582724684,0.1234031997780903,0.9172278477135922,0.9172278477135922,"A still-life photo of the same small ceramic vase resting on the same white fabric, with only the vase color changed from yellow to deep blue while the fabric, lighting, and shadows remain unchanged.",yellow_vase_blue_phase2
1.0,0.9401474023858706,1.0000000298023224,0.9401474098364512,-0.37632793684800464,-0.005457209448953411,13.74345514178276,0.1476934552192688,0.010563486318763656,30.209987719853718,31,0.8639742136001587,0.015440626069903374,0.04732218757271767,4.732218757271767,0.8955426897321429,28.269096521245707,0.9171838164329529,0.9171838164329529,0.15243223309516907,0.841187596321106,0.23871271312236786,0.27276280522346497,0.03405009210109711,0.27276280522346497,True,0.10445731026785714,0.9005539417266846,0.03405009210109711,0.05458286830357143,,,0.6089886188871975,0.1476934552192688,0.05458286830357143,0.9756123535676251,0.35274598002433777,0.35274598002433777,6.992237868467436,0.4470829486519378,3.3131914138793945,a blue vase,0.23717300593852997,0.2552148699760437,0.27144208550453186,0.03426907956600189,0.27144208550453186,"61,263,275,497",0.11133095622062683,0.09481151401996613,/cluster/users/grad/2025/25t8103/project/experiments/support_v3_2026-06-02/normalized_512/eval_masks/yellow_vase_blue_phase2_eval_mask.png,fixed_eval_mask,1.0,19.59885025024414,0.037201281636953354,62.5562629699707,support_v3_controller_rmsgap,CleanEdit,,0.021749012172222137,0.021749012172222137,23.61355904349329,0.06596628819967652,13.41562032699585,/cluster/users/grad/2025/25t8103/project/outputs/phase2_selected_metric_refresh_20260612/yellow_vase_blue_phase2/support_v3_controller_rmsgap/seed_12/result.png,5.440481662750244,yellow_vase_blue_phase2/support_v3_controller_rmsgap/seed_12,39.283119866999186,12,/cluster/users/grad/2025/25t8103/project/data/pretty_free_candidates/pexels_yellow_ceramic_vase_8356822.jpg,0.03981577605009079,A still-life photo of a small yellow ceramic vase resting on white fabric.,18.232078606965292,0.12257335391584878,0.916294059429928,0.916294059429928,"A still-life photo of the same small ceramic vase resting on the same white fabric, with only the vase color changed from yellow to deep blue while the fabric, lighting, and shadows remain unchanged.",yellow_vase_blue_phase2
