task,family,ours_local,best_local,best_local_method,ours_bg_lpips,best_bg_lpips,best_bg_method,sam_bg_l1_minus_ours,ours_bg_l1,target,score
fe_193_parrots_2_origami,T5_same_color_material,0.3102565109729767,0.3204990029335022,reflex,0.001268786727450788,0.06170929968357086,sam_flow_flux,0.04383428057190031,0.0014111805940046906,Two colorful origami parrots sitting on a wooden stump or log. They are position,3.9961695592850446
fe_038_cat_and_dog_1_lego,T5_same_color_material,0.2699783742427826,0.26985275745391846,fireflow,0.0014509459724649787,0.025417789816856384,sam_flow_flux,0.036953024682588875,0.00116315099876374,A dog and a cat made out of lego sitting together on a sidewalk. The lego dog is,3.9920816445723175
fe_081_corgi_2_wooden_sculpture,T5_same_color_material,0.2967882752418518,0.31956008076667786,sam_flow_sd3,0.002014754107221961,0.07277406752109528,sam_flow_flux,0.055800406727939844,0.0013230456970632076,A wooden sculpture of a brown and white dog made sitting on a dirt ground near a,3.97295564096421
fe_223_sign_2_eccv,T3_surface_decal,0.34704017639160156,0.3532140254974365,otrf_enh_sd3,6.196220056153834e-05,0.0006197100738063455,sam_flow_flux,0.03323595318943262,0.0027256226167082787,A large white billboard with a bold message written in black letters. The messag,3.965915107144974
fe_222_sign_1_cvpr,T3_surface_decal,0.35167089104652405,0.3569942116737366,fireflow,6.196220056153834e-05,0.0005924729630351067,sam_flow_flux,0.03145845700055361,0.0027256226167082787,A large white billboard with a bold message written in black letters. The messag,3.9431231105467304
fe_027_butterflies_1_yellow,T4_local_recolor,0.1380160003900528,0.1634027659893036,sam_flow_sd3,0.001254357979632914,0.03418786823749542,sam_flow_flux,0.05133613932412118,0.0013197624357417226,A vibrant orange flower with two yellow butterflies perched on it. The butterfli,3.92048550453037
fe_080_corgi_1_lego_bricks,T5_same_color_material,0.27135488390922546,0.30820152163505554,fireflow,0.002014754107221961,0.0890030786395073,sam_flow_flux,0.059231648687273264,0.0013230456970632076,A brown and white dog made out of lego bricks sitting on a dirt ground near a bo,3.830457997135818
fe_224_sign_3_iccv,T3_surface_decal,0.33837491273880005,0.3496226966381073,fireflow,6.196220056153834e-05,0.000628375681117177,sam_flow_flux,0.02896221447736025,0.0027256226167082787,A large white billboard with a bold message written in black letters. The messag,3.8043313110014423
fe_146_japanese_castle_1_lego_castle,T5_same_color_material,0.1553923785686493,0.2231503427028656,fireflow,0.0015594384167343378,0.023439446464180946,sam_flow_flux,0.07064138981513679,0.003902451368048787,"A large, white, Japanese castle made out of lego bricks with a distinctive pagod",3.756883954629302
fe_190_parrot_4_lego_parrot,T5_same_color_material,0.3309805691242218,0.31994274258613586,flowedit_sd3,0.0009035298717208207,0.013568691909313202,sam_flow_flux,0.03016991459298879,0.0010404650820419192,A colorful lego parrot perched on a tree branch. The lego parrot is predominantl,3.7474779066164046
fe_186_muffins_1_strawberries,T2_container_insertion,0.16995370388031006,0.20361100137233734,sam_flow_sd3,0.0009100220631808043,0.027140013873577118,sam_flow_flux,0.045761461020447314,0.0010751088848337531,"A plate of white muffins, decorated with a few strawberries.",3.7193675517104565
fe_033_cake_3_wedding_cake,T2_container_insertion,0.2318837195634842,0.23432870209217072,sam_flow_sd3,0.0005353832384571433,0.003838996635749936,sam_flow_flux,0.020344638323877007,0.0008179628639481962,"A three-layer wedding cake with white frosting, placed on a wooden table. The ca",3.716679704701528
fe_198_piece_of_cake_1_cherry_on_top,T2_container_insertion,0.27089276909828186,0.26305127143859863,flowedit_sd3,0.00016768972272984684,0.0009999091271311045,sam_flow_flux,0.019862572837155312,0.000730036583263427,"A delicious chocolate cake with chocolate frosting and a cherry on top, sitting ",3.662860019574873
fe_167_luna_4_eccv,T3_surface_decal,0.28307080268859863,0.2881147563457489,flowedit_sd3,0.0024482642766088247,0.015169487334787846,sam_flow_flux,0.02848165831528604,0.002475556218996644,"A neon sign for a restaurant called ECCV, which is located on a street corner. T",3.649147433787584
fe_164_luna_1_sol,T3_surface_decal,0.2866262197494507,0.2872505486011505,sam_flow_sd3,0.0024482642766088247,0.015246796421706676,sam_flow_flux,0.02473892434500158,0.002475556218996644,"A neon sign for a restaurant called Sol, which is located on a street corner. Th",3.6405871264636516
fe_175_meditation1_4_golden_statue,T5_same_color_material,0.24171370267868042,0.23988565802574158,fireflow,0.0006805483717471361,0.004467980936169624,sam_flow_flux,0.016647062497213483,0.0021971880923956633,A golden sculpture of man sitting on the ground and appears to be in a relaxed p,3.6374657429754733
fe_141_iguana_1_green_lizard,T4_local_recolor,0.23237301409244537,0.24421077966690063,reflex,0.001603335840627551,0.01004752703011036,sam_flow_flux,0.026920044561848044,0.0013260992709547281,A large green lizard sitting on a rock near the ocean. The green lizard is posit,3.6005008235573768
fe_150_jump_kick_4_marble_statue,T5_same_color_material,0.20757241547107697,0.22263887524604797,reflex,0.0009577912860549986,0.0190691240131855,sam_flow_flux,0.025979937752708793,0.0022348223719745874,A marble statue of a woman kicking in the air. It appears to be in the middle of,3.5978227298241108
fe_188_parrot_2_origami,T5_same_color_material,0.31219184398651123,0.3063300848007202,flowedit_sd3,0.0009035298717208207,0.012752139009535313,sam_flow_flux,0.018178605590946972,0.0010404650820419192,An origami of a colorful parrot perched on a tree branch. The origami of the par,3.585292736859992
fe_207_pizza_tomato_olive_1_pepperoni,T2_container_insertion,0.20740720629692078,0.2153932750225067,reflex,0.00036160642048344016,0.0008192023960873485,sam_flow_flux,0.016488422639667988,0.0030201254412531853,"A large pizza, topped with cheese, black olive, sliced tomatoes and a lot of pep",3.5738167798612266
fe_003_bear_4_sculpture,T5_same_color_material,0.26151004433631897,0.2752407193183899,reflex,0.0028305836021900177,0.02200222574174404,sam_flow_flux,0.033109092619270086,0.005175611469894648,A large sculpture of a brown bear walking through a stream of water. The stream ,3.573163367435336
fe_168_luna_5_welcome,T3_surface_decal,0.2176414430141449,0.21200121939182281,sam_flow_flux,0.0024482642766088247,0.013761540874838829,sam_flow_flux,0.02496888837777078,0.002475556218996644,"A neon sign for a restaurant with the word WELCOME, which is located on a street",3.569947985559702
fe_205_pizza_slice_1_pepperoni,T2_container_insertion,0.21343812346458435,0.22291676700115204,fireflow,0.0004459350311663002,0.008446060121059418,sam_flow_flux,0.017806759744416922,0.000789198384154588,"A pizza with thick crust, topped with graded cheese, basil and pepperoni.",3.569362038723193
fe_029_butterfly_2_red_flower,T4_local_recolor,0.1913929283618927,0.1880481243133545,sam_flow_flux,0.0014270571991801262,0.010479353368282318,sam_flow_flux,0.01810812798794359,0.0010569147998467088,A beautiful red flower with a white and black butterfly perched on top of it. Th,3.569284779112786
fe_206_pizza_slice_2_mushrooms,T2_container_insertion,0.23402190208435059,0.22346235811710358,flowedit_sd3,0.0004459350311663002,0.00710827112197876,sam_flow_flux,0.017845284834038466,0.000789198384154588,"A pizza with thick crust, topped with graded cheese, basil and mushrooms.",3.553919034055434
fe_031_cake_1_berries,T2_container_insertion,0.2908318042755127,0.29375553131103516,fireflow,0.0005353806773200631,0.00234420713968575,sam_flow_flux,0.012235908361617476,0.0008180061704479158,"A three-layer cake with white frosting, placed on a wooden table. The cake is ad",3.547324193967506
fe_173_meditation1_2_golden_buddha_statue,T5_same_color_material,0.18733400106430054,0.17909687757492065,flowedit_sd3,0.0006805483717471361,0.004934144206345081,sam_flow_flux,0.016547193052247167,0.0021971880923956633,A golden sculpture of buddha sitting on the ground and appears to be in a relaxe,3.5393321715295314
fe_271_yellow_bulldog_15_origami_wolf,T5_same_color_material,0.28727632761001587,0.2869434058666229,sam_flow_sd3,0.00031416589627042413,0.00280276732519269,sam_flow_flux,0.008651650685351342,0.0004975449410267174,"A small, yellow, origami wolf positioned in the center of the scene, and it appe",3.53662259792909
fe_135_groceries_5_iccv,T3_surface_decal,0.22241055965423584,0.22259342670440674,reflex,2.310617310286034e-05,0.00016432332631666213,sam_flow_flux,0.0068980653886683285,0.0006082320469431579,"A grocery list writing on a piece of brown paper with a black marker, which incl",3.532907684710517
fe_247_this_must_be_the_place_1_home,T3_surface_decal,0.2474195510149002,0.24891957640647888,sam_flow_sd3,0.00010478357580723241,0.0015296905767172575,sam_flow_flux,0.008120576938381419,0.00046128584654070437,"A large, colorful wall with a neon sign that reads ""home must be the place.""",3.529432800313225
fe_201_pizza_1_pineapple_ham,T2_container_insertion,0.2840309739112854,0.2954440712928772,fireflow,0.00044348640949465334,0.0030416185036301613,sam_flow_flux,0.017036305915098637,0.0008999163401313126,"A large, cheesy pizza, topped with pineapple and ham, sitting on a wooden pizza ",3.5251810166286304
fe_039_cat_and_dog_2_bronze,T5_same_color_material,0.2877451181411743,0.27585703134536743,reflex,0.0014509459724649787,0.012626200914382935,sam_flow_flux,0.021946275723166764,0.00116315099876374,A bronze sculpture of a dog and a cat sitting together on a sidewalk. The dog is,3.515509615279734
fe_000_bear_1_black_bear,T4_local_recolor,0.2261577844619751,0.24927745759487152,reflex,0.0028305836021900177,0.019232770428061485,sam_flow_flux,0.03719749813899398,0.005175611469894648,A large black bear walking through a stream of water. The stream appears to be s,3.5140965055674314
fe_166_luna_3_iccv,T3_surface_decal,0.2778034508228302,0.2909058630466461,reflex,0.0024482642766088247,0.015769820660352707,sam_flow_flux,0.027451902395114303,0.002475556218996644,"A neon sign for a restaurant called ICCV, which is located on a street corner. T",3.5076754368841647
fe_213_rabbit_1_sculpture,T5_same_color_material,0.2371395379304886,0.24613934755325317,fireflow,0.0003128170210402459,0.0016740674618631601,sam_flow_flux,0.013501582900062203,0.001299288822337985,A small sculpture of a rabbit sitting in a grassy field. The rabbit is surrounde,3.5037528115557506
fe_138_horse_2_pink_toy_horse,T5_same_color_material,0.2859995365142822,0.30917155742645264,reflex,0.0010648046154528856,0.008860606700181961,sam_flow_flux,0.02766148210503161,0.00263777538202703,A pink toy horse running through a grassy field. The pink toy horse appears to b,3.4991688668727874
fe_129_gray_bird_3_sculpture,T5_same_color_material,0.2687545716762543,0.25564807653427124,splitflow_sd3,0.0007234154618345201,0.01263994351029396,sam_flow_flux,0.0183140094159171,0.0012117718579247594,A small sculpture of a blue and gray bird perched on a wooden fence or post. The,3.4973412150051444
fe_139_horse_3_bronze_sculpture,T5_same_color_material,0.26583361625671387,0.28111690282821655,sam_flow_sd3,0.0010648046154528856,0.008144411258399487,sam_flow_flux,0.020333571592345834,0.00263777538202703,A sculpture bronze horse running through a grassy field. The horse appears to be,3.4709416717290877
fe_208_pizza_tomato_olive_2_mushrooms,T2_container_insertion,0.21984851360321045,0.23496849834918976,fireflow,0.00036160642048344016,0.0008367422269657254,sam_flow_flux,0.016490493901073933,0.0030201254412531853,"A large pizza, topped with cheese, black olive, sliced tomatoes and mushrooms.",3.466849464783445
fe_128_gray_bird_2_red_bird,T4_local_recolor,0.24433809518814087,0.24919548630714417,sam_flow_sd3,0.0007234154618345201,0.0031995654571801424,sam_flow_flux,0.010441355290822685,0.0012117718579247594,A small red and gray bird perched on a wooden fence or post. The bird is positio,3.463624692847952
fe_037_castle_1_lego_castle,T5_same_color_material,0.23961475491523743,0.2536828815937042,splitflow_sd3,1.6682104615028948e-05,0.0003181774518452585,sam_flow_flux,0.013302515028044581,0.0005045451689511538,"A majestic castle made out of lego bricks with a tall, pointed roof, situated on",3.4533601899223867
fe_097_dog_snow_1_wooden_sculpture,T5_same_color_material,0.30007290840148926,0.3081114888191223,fireflow,0.001324316719546914,0.009823132306337357,sam_flow_sd3,0.0151077980408445,0.0019342763116583228,A wooden sculpture of a dog standing in a snowy field.,3.4491455825977027
fe_016_bikes_6_yellow_bicycle,T4_local_recolor,0.23558863997459412,0.24708427488803864,flowedit_sd3,0.0027740823570638895,0.02810734137892723,sam_flow_flux,0.024867945117875934,0.003163383575156331,A yellow bicycle parked on the sidewalk in front of a red brick building. The bi,3.447516142949462
fe_127_gray_bird_1_origami_bird,T5_same_color_material,0.27799707651138306,0.2924824059009552,fireflow,0.0007234154618345201,0.004340016283094883,sam_flow_flux,0.016796331736259162,0.0012117718579247594,A small blue and gray origami bird perched on a wooden fence or post. The origam,3.446305147698149
fe_117_free_wifi_2_free_hugs,T3_surface_decal,0.24996918439865112,0.26108187437057495,otrf_enh_sd3,5.39215216122102e-05,0.0006479276344180107,sam_flow_flux,0.0100958191906102,0.0005094927619211376,"A wooden table with a black board on it. The board displays the words ""FREE HUGS",3.4298338820721255
fe_171_meditation_1_wooden_statue,T5_same_color_material,0.273107647895813,0.26559698581695557,reflex,2.427988511044532e-05,0.00012559854076243937,sam_flow_flux,0.006673398311249912,0.000489726779051125,A wooden statue of a woman sitting on the floor in a room and meditating.,3.4183800465310923
fe_132_groceries_2_coffee,T3_surface_decal,0.20304325222969055,0.210259348154068,fireflow,2.310617310286034e-05,0.00014862547686789185,sam_flow_flux,0.006259460293222219,0.0006082320469431579,"A grocery list writing on a piece of brown paper with a black marker, which incl",3.4146371496884966
fe_152_jump_yay_2_bronze_statue,T5_same_color_material,0.2520763874053955,0.2606169581413269,fireflow,0.0002601458691060543,0.0015442934818565845,sam_flow_flux,0.00840578685165383,0.00042168432264588773,A bronze statue of a man jumping in the air with his left arm raised. He appears,3.4139925890835
fe_153_jump_yay_3_golden_statue,T5_same_color_material,0.2390868067741394,0.2300891876220703,splitflow_sd3,0.0002601458691060543,0.001468414324335754,sam_flow_flux,0.008262399496743456,0.00042168432264588773,A golden sculpture of a man jumping in the air with his left arm raised. He appe,3.404269115743227
fe_017_boat_silhouette_1_sailboat_white_sails_red_hull,T4_local_recolor,0.1946621835231781,0.2131938636302948,splitflow_sd3,0.0012282057432457805,0.014420637860894203,sam_flow_flux,0.02003859984688461,0.0016364131588488817,A serene scene of a lake with a sailboat floating on the water. The sailboat has,3.3999762210063635
fe_134_groceries_4_eccv,T3_surface_decal,0.2274564653635025,0.21669265627861023,splitflow_sd3,2.310617310286034e-05,0.00016288415645249188,sam_flow_flux,0.00816018582554534,0.0006082320469431579,"A grocery list writing on a piece of brown paper with a black marker, which incl",3.3994359629272366
fe_250_this_must_be_the_place_4_iccv,T3_surface_decal,0.2957330346107483,0.3100181818008423,fireflow,0.00010478357580723241,0.0011642691679298878,sam_flow_flux,0.010991713119437918,0.00046128584654070437,"A large, colorful wall with a neon sign that reads ""iccv must be the place.""",3.395078696956625
fe_034_cake_4_strawberries,T2_container_insertion,0.2670400142669678,0.2820896506309509,fireflow,0.0005353832384571433,0.002883526496589184,sam_flow_flux,0.013333432434592396,0.0008179628639481962,"A three-layer wedding cake with white frosting, placed on a wooden table. The ca",3.387385779386386
fe_090_dog_2_puppet,T5_same_color_material,0.2337738573551178,0.24579879641532898,sam_flow_sd3,0.0010386875364929438,0.0068878536112606525,sam_flow_flux,0.013557701953686774,0.0012874131789430976,A small black and brown dog puppet sitting on a lush green field.,3.3869111995212733
fe_157_kid_running_3_sculpture,T5_same_color_material,0.2737709581851959,0.2813768982887268,sam_flow_sd3,0.0025190338492393494,0.019373949617147446,sam_flow_sd3,0.01741415448486805,0.0019198283553123474,A sculpture of a young boy running through a grassy field. He appears to be enjo,3.3822906032204627
fe_174_meditation1_3_wooden_buddha_statue,T5_same_color_material,0.18629534542560577,0.2048109769821167,sam_flow_flux,0.0006805483717471361,0.005438957363367081,sam_flow_flux,0.016181270824745297,0.0021971880923956633,A wooden statue of a buddha sitting on the ground and appears to be in a relaxed,3.3778361059725284
fe_133_groceries_3_cvpr,T3_surface_decal,0.19633138179779053,0.1847618967294693,splitflow_sd3,2.310617310286034e-05,0.00016601724200882018,sam_flow_flux,0.007226479065138847,0.0006082320469431579,"A grocery list writing on a piece of brown paper with a black marker, which incl",3.3686766879676724
fe_093_dog_5_lego_bricks,T5_same_color_material,0.29593363404273987,0.3113727867603302,flowedit_sd3,0.0010386875364929438,0.007736684754490852,sam_flow_flux,0.014811630011536181,0.0012874131789430976,A small black and brown dog made out of lego bricks sitting on a lush green fiel,3.360776555817574
fe_176_meditation1_5_wooden_statue,T5_same_color_material,0.25191590189933777,0.27218255400657654,sam_flow_sd3,0.0006805483717471361,0.004471310414373875,sam_flow_flux,0.016577062429860234,0.0021971880923956633,A wooden sculpture of man sitting on the ground and appears to be in a relaxed p,3.3594866298139094
fe_169_luna_6_hi,T3_surface_decal,0.2437472641468048,0.26498255133628845,sam_flow_sd3,0.0024482642766088247,0.015859313309192657,sam_flow_flux,0.025976015022024512,0.002475556218996644,"A neon sign for a restaurant with the word HI, which is located on a street corn",3.356164564937353
fe_116_free_wifi_1_free_beer,T3_surface_decal,0.24278026819229126,0.25886672735214233,fireflow,5.39215216122102e-05,0.0004755086556542665,sam_flow_flux,0.010108310088980943,0.0005094927619211376,"A wooden table with a black board on it. The board displays the words ""FREE BEER",3.3554771622206316
fe_165_luna_2_cvpr,T3_surface_decal,0.2629748582839966,0.2831434905529022,sam_flow_sd3,0.0024482642766088247,0.014938821084797382,sam_flow_flux,0.024721709778532386,0.002475556218996644,"A neon sign for a restaurant called CVPR, which is located on a street corner. T",3.3470782838761806
fe_246_stop_sticker_3_iccv,T3_surface_decal,0.31739988923072815,0.32858431339263916,splitflow_sd3,0.0006177898612804711,0.003759813029319048,sam_flow_flux,0.007385581906419247,0.0005866222199983895,A ICCV! sticker with a red and yellow color scheme which is placed on a white ba,3.3181662895716726
fe_015_bikes_5_green_bicycle,T4_local_recolor,0.21851864457130432,0.23587092757225037,reflex,0.0027740823570638895,0.029008669778704643,sam_flow_flux,0.022218965692445636,0.003163383575156331,A green bicycle parked on the sidewalk in front of a red brick building. The bic,3.306686833128333
fe_245_stop_sticker_2_eccv,T3_surface_decal,0.320395290851593,0.3338506817817688,sam_flow_sd3,0.0006177898612804711,0.004636215046048164,sam_flow_flux,0.007103355310391635,0.0005866222199983895,A ECCV! sticker with a red and yellow color scheme which is placed on a white ba,3.2784572561271488
fe_237_stop_3_eccv,T3_surface_decal,0.2551251947879791,0.27673444151878357,flowedit_sd3,0.0005206739297136664,0.008158540353178978,sam_flow_flux,0.012336116255028173,0.00046974423457868397,A sign that says ECCV prominently placed in a field of yellow flowers.,3.27051623116713
fe_092_dog_4_sculpture,T5_same_color_material,0.2500106692314148,0.27046042680740356,fireflow,0.0010386875364929438,0.010793197900056839,sam_flow_sd3,0.01372559240553528,0.0012874131789430976,A small black and brown sculpture of a dog sitting on a lush green field.,3.2638967308215796
fe_269_yellow_bulldog_13_origami_deer,T5_same_color_material,0.2708304226398468,0.28919684886932373,flowedit_sd3,0.00031416589627042413,0.0035755012650042772,sam_flow_sd3,0.00849327928153798,0.0004975449410267174,"A small, yellow, origami deer positioned in the center of the scene, and it appe",3.262952602561563
fe_140_horse_4_brown_horse,T4_local_recolor,0.2347523272037506,0.2627626657485962,reflex,0.0010648046154528856,0.0076589398086071014,sam_flow_flux,0.019230012083426118,0.00263777538202703,"A brown horse running through a grassy field. The horse appears to be galloping,",3.25796470195055
fe_225_sign_4_flow,T3_surface_decal,0.3283776044845581,0.28661322593688965,fireflow,6.196220056153834e-05,0.0008168913773261011,sam_flow_flux,0.02430227119475603,0.0027256226167082787,A large white billboard with a bold message written in black letters. The messag,3.25338352562394
fe_180_milk_4_whipped_cream,T2_container_insertion,0.24262462556362152,0.2554560899734497,reflex,0.0026241675950586796,0.02025449648499489,sam_flow_flux,0.014719778904691339,0.0015655213501304388,"A glass of milk placed on a wooden table. The glass is filled with milk, and a s",3.239506852440536
fe_236_stop_2_iccv,T3_surface_decal,0.27290448546409607,0.29488953948020935,sam_flow_sd3,0.0005206739297136664,0.008687596768140793,sam_flow_flux,0.011026017338735983,0.00046974423457868397,A sign that says ICCV prominently placed in a field of yellow flowers.,3.2386771435616537
fe_007_bear_grass_4_sculpture,T5_same_color_material,0.2880622148513794,0.3035634756088257,otrf_enh_sd3,0.009609156288206577,0.0638979896903038,otrf_enh_sd3,0.051375840324908495,0.005830611567944288,A large sculpture of a brown bear walking through a grassy field.,3.2340822663158177
fe_194_parrots_3_sculpture,T5_same_color_material,0.1854197084903717,0.28582528233528137,reflex,0.001268786727450788,0.030325118452310562,sam_flow_flux,0.042571802041493356,0.0014111805940046906,A sculpture of two colorful parrots sitting on a wooden stump or log. They are p,3.2245573680847883
fe_101_dog_snow_5_golden,T5_same_color_material,0.22254016995429993,0.24590736627578735,fireflow,0.001324316719546914,0.007130087818950415,sam_flow_flux,0.01525852142367512,0.0019342763116583228,A Golden Retriever dog standing in a snowy field.,3.2222308116964995
fe_268_yellow_bulldog_12_origami_bear,T5_same_color_material,0.2698439955711365,0.24846678972244263,reflex,0.00031416589627042413,0.0031165729742497206,sam_flow_flux,0.00845401844708249,0.0004975449410267174,"A small, yellow, origami bear positioned in the center of the scene, and it appe",3.2170056915841996
fe_191_parrot2_1_glass_sculpture,T5_same_color_material,0.27830761671066284,0.31185799837112427,fireflow,0.0002956512907985598,0.003192401025444269,sam_flow_flux,0.01738587860018015,0.0006717657670378685,"A glass sculpture of a colorful parrot perched on top of a tall, brightly colore",3.2148967180168255
fe_266_yellow_bulldog_10_origami_lion,T5_same_color_material,0.20345036685466766,0.22451774775981903,fireflow,0.00031416589627042413,0.0025892136618494987,sam_flow_flux,0.007895687769632787,0.0004975449410267174,"A small, yellow, origami lion positioned in the center of the scene, and it appe",3.2104864521883427
fe_025_bus_3_pink_van,T4_local_recolor,0.2659430503845215,0.2848629951477051,sam_flow_sd3,0.004663687199354172,0.032050758600234985,sam_flow_flux,0.027978129452094436,0.003523960942402482,"A pink van parked in front of a house, outside a garage. The van is of a classic",3.2093946976587175
fe_115_flowers_2_blue_purple_white,T4_local_recolor,0.1759849190711975,0.19961431622505188,reflex,0.0015505803748965263,0.01084410771727562,sam_flow_flux,0.01521962322294712,0.0018817335367202759,"A vase filled with a beautiful bouquet of blue, purple and white flowers.",3.194893469661474
fe_148_jump_kick_2_bronze_statue,T5_same_color_material,0.20342525839805603,0.2541893720626831,reflex,0.0009577912860549986,0.01191250141710043,sam_flow_flux,0.03254345594905317,0.0022348223719745874,A bronze statue of a woman kicking in the air. It appears to be in the middle of,3.1936282854061573
fe_199_piece_of_cake_2_red_velvet_cake,T4_local_recolor,0.2535814642906189,0.27942290902137756,reflex,2.120134377037175e-05,0.00014873719192110002,sam_flow_flux,0.008540214388631284,0.000605854787863791,"A delicious red velvet cake with white frosting, sitting on a dining table.",3.1810624824342084
fe_028_butterfly_1_orange_butterfly,T4_local_recolor,0.2255672663450241,0.24485141038894653,reflex,0.0011000364320352674,0.007722448091953993,sam_flow_flux,0.0088966068578884,0.0006042338209226727,A beautiful purple flower with an orange butterfly perched on top of it. The but,3.178666333295405
fe_024_bus_2_volkswagen_logo,T3_surface_decal,0.2130509316921234,0.23251545429229736,reflex,0.004625413566827774,0.03029521554708481,sam_flow_flux,0.026329232845455408,0.0035316268913447857,"A yellow van parked in front of a house, outside a garage. The van is of a class",3.1720754612237214
fe_158_kid_running_4_wooden_sculpture,T5_same_color_material,0.31125766038894653,0.334023654460907,flowedit_sd3,0.0025190338492393494,0.020902063697576523,sam_flow_sd3,0.018019214272499084,0.0019198283553123474,A wooden sculpture of a young boy running through a grassy field. He appears to ,3.16699098944664
fe_249_this_must_be_the_place_3_eccv,T3_surface_decal,0.2983151078224182,0.32867246866226196,fireflow,0.00010478357580723241,0.0014055176870897412,sam_flow_flux,0.011352732864907011,0.00046128584654070437,"A large, colorful wall with a neon sign that reads ""eccv must be the place.""",3.1612158871197606
fe_172_meditation1_1_sand_sculpture,T5_same_color_material,0.20739944279193878,0.27442193031311035,reflex,0.0006805483717471361,0.024438925087451935,otrf_enh_sd3,0.035929925041273236,0.0021971880923956633,A sand sculpture of man sitting on the ground and appears to be in a relaxed pos,3.150543663650751
fe_091_dog_3_crochet,T5_same_color_material,0.27910056710243225,0.3069632053375244,fireflow,0.0010386875364929438,0.007034162990748882,sam_flow_flux,0.013574216165579855,0.0012874131789430976,A small black and brown crochet dog sitting on a lush green field.,3.14967599613592
fe_004_bear_grass_1_black_bear,T4_local_recolor,0.23437635600566864,0.25195616483688354,sam_flow_flux,0.009609156288206577,0.058162134140729904,otrf_enh_sd3,0.048643667716532946,0.005830611567944288,A large black bear walking through a grassy field.,3.1482605930417775
fe_055_cat_7_wooden_sculpture,T5_same_color_material,0.30785518884658813,0.3399772644042969,sam_flow_sd3,0.0008879667730070651,0.004819181747734547,sam_flow_flux,0.015940395940560848,0.000951152469497174,A small wooden sculpture of a kitten sitting in a grassy field. The wooden sculp,3.1481801081448793
fe_187_parrot_1_glass_sculpture,T5_same_color_material,0.22823375463485718,0.3111404776573181,sam_flow_sd3,0.0009035298717208207,0.010997028090059757,sam_flow_flux,0.036918995087035,0.0010404650820419192,A glass sculpture of a colorful parrot perched on a tree branch. The glass sculp,3.148026914568618
fe_170_luna_7_heart,T3_surface_decal,0.1886400729417801,0.22539862990379333,otrf_enh_sd3,0.0024482642766088247,0.014926218427717686,sam_flow_flux,0.02629192708991468,0.002475556218996644,"A neon sign for a restaurant with an heart on it, which is located on a street c",3.1296337597072124
fe_149_jump_kick_3_golden_statue,T5_same_color_material,0.22366371750831604,0.27407777309417725,reflex,0.0009577912860549986,0.011542094871401787,sam_flow_flux,0.028298035031184554,0.0022348223719745874,A golden sculpture of a woman kicking in the air. It appears to be in the middle,3.113970738230273
fe_021_brown_owl_3_origami_owl,T5_same_color_material,0.2785113453865051,0.3119164705276489,splitflow_sd3,0.0012828352628275752,0.006349752191454172,sam_flow_flux,0.017132226028479636,0.0018088038777932525,A small origami owl standing on a patch of grass.,3.113284117169678
fe_244_stop_sticker_1_cvpr,T3_surface_decal,0.3653508424758911,0.34054532647132874,reflex,0.0006177898612804711,0.0037767174653708935,sam_flow_sd3,0.007082174241077155,0.0005866222199983895,A CVPR! sticker with a red and yellow color scheme which is placed on a white ba,3.1077817586250602
fe_114_flowers_1_orange_yellow_white,T4_local_recolor,0.1638006865978241,0.19423125684261322,flowedit_sd3,0.0015505803748965263,0.010252797044813633,sam_flow_flux,0.014887232333421707,0.0018817335367202759,"A vase filled with a beautiful bouquet of orange, yellow and white flowers.",3.0862280555069446
fe_221_rocks_6_colorful_wooden_blocks,T5_same_color_material,0.17895597219467163,0.2213713377714157,sam_flow_sd3,0.00023569144832435995,0.018221963196992874,sam_flow_flux,0.016754453594330698,0.0004734326503239572,"A stack of colorful wooden blocks, laying on top of each other on a brown and gr",3.0752894434030167
fe_069_cat_stone_3_sculpture,T5_same_color_material,0.23260103166103363,0.26084351539611816,fireflow,0.003557328600436449,0.06238459795713425,otrf_enh_sd3,0.02214349457062781,0.0013740283902734518,A small sculpture of a kitten sitting on a stone ledge. The ledge is located nea,3.063499775342643
fe_131_groceries_1_bacon,T3_surface_decal,0.2199202924966812,0.2515515983104706,fireflow,2.310617310286034e-05,0.00013744730676990002,sam_flow_flux,0.006612956349272281,0.0006082320469431579,"A grocery list writing on a piece of brown paper with a black marker, which incl",3.055478922468319
fe_123_gas_station_6_free,T3_surface_decal,0.21286197006702423,0.25869491696357727,sam_flow_sd3,0.003065998898819089,0.020664460957050323,sam_flow_flux,0.03215085808187723,0.002989324741065502,"A gas station with a white and red sign that reads ""FREE"" There are several cars",3.04892306830734
fe_272_yellow_bulldog_16_origami_cow,T5_same_color_material,0.23660889267921448,0.2710726261138916,otrf_enh_sd3,0.00031416589627042413,0.0031197736971080303,sam_flow_sd3,0.0079981695744209,0.0004975449410267174,"A small, yellow, origami cow positioned in the center of the scene, and it appea",3.0115908003412186
fe_020_brown_owl_2_glass_sculpture,T5_same_color_material,0.3635252118110657,0.326269268989563,reflex,0.0012828352628275752,0.006730296649038792,sam_flow_flux,0.014694062643684447,0.0018088038777932525,A small glass sculpture of a brown owl standing on a patch of grass.,3.006758584268391
fe_235_stop_1_cvpr,T3_surface_decal,0.24339967966079712,0.2809842824935913,otrf_enh_sd3,0.0005206739297136664,0.007659401744604111,sam_flow_flux,0.009383483760757372,0.00046974423457868397,A sign that says CVPR prominently placed in a field of yellow flowers.,2.971833239751868
fe_119_gas_station_2_iccv,T3_surface_decal,0.194024920463562,0.29939284920692444,reflex,0.003065998898819089,0.020559091120958328,sam_flow_flux,0.03866165969520807,0.002989324741065502,"A gas station with a white and red sign that reads ""ICCV"" There are several cars",2.9666333040222526
fe_120_gas_station_3_eccv,T3_surface_decal,0.20377293229103088,0.30266016721725464,flowedit_sd3,0.003065998898819089,0.02176046557724476,sam_flow_flux,0.033195541240274906,0.002989324741065502,"A gas station with a white and red sign that reads ""ECCV"" There are several cars",2.8573109349235892
fe_130_gray_bird_4_golden_sculpture,T5_same_color_material,0.2373572587966919,0.2921847403049469,reflex,0.0007234154618345201,0.009073859080672264,sam_flow_flux,0.01754929486196488,0.0012117718579247594,A small golden sculpture of a bird perched on a wooden fence or post. The golden,2.8562321284320205
fe_108_duck_1_colorful_duck,T4_local_recolor,0.24887695908546448,0.29632502794265747,sam_flow_sd3,0.0014756572199985385,0.00544894952327013,sam_flow_flux,0.015412589942570776,0.0008563749142922461,A colorful duck swimming in a lake. The duck is floating on the surface of the w,2.8489650439936667
fe_121_gas_station_4_food,T3_surface_decal,0.21714162826538086,0.27633142471313477,fireflow,0.003065998898819089,0.02066049724817276,sam_flow_flux,0.03097405005246401,0.002989324741065502,"A gas station with a white and red sign that reads ""FOOD"" There are several cars",2.8250341644510626
fe_118_gas_station_1_cvpr,T3_surface_decal,0.20213554799556732,0.3261229395866394,reflex,0.003065998898819089,0.02144267037510872,sam_flow_flux,0.031561155803501606,0.002989324741065502,"A gas station with a white and red sign that reads ""CVPR"" There are several cars",2.8246232261881232
fe_238_stop_arrow_1_cvpr,T3_surface_decal,0.17550456523895264,0.30753692984580994,fireflow,0.00019391898240428418,0.00504670012742281,sam_flow_flux,0.016812539659440517,0.0005644401535391808,A sign that says CVPR above a blue sign with arrow pointing up.,2.816858894948382
fe_122_gas_station_5_love,T3_surface_decal,0.1915300488471985,0.2564590871334076,sam_flow_sd3,0.003065998898819089,0.021044475957751274,sam_flow_flux,0.03114833403378725,0.002989324741065502,"A gas station with a white and red sign that reads ""LOVE"" There are several cars",2.816366790793836
fe_239_stop_arrow_2_iccv,T3_surface_decal,0.18542185425758362,0.30275341868400574,fireflow,0.00019391898240428418,0.00486118346452713,sam_flow_flux,0.016229367814958096,0.0005644401535391808,A sign that says ICCV above a blue sign with arrow pointing up.,2.8051954580587335
fe_240_stop_arrow_3_eccv,T3_surface_decal,0.1799924075603485,0.29082727432250977,fireflow,0.00019391898240428418,0.004880186636000872,sam_flow_flux,0.014862014912068844,0.0005644401535391808,A sign that says ECCV above a blue sign with arrow pointing up.,2.7778484000009485
fe_242_stop_arrow_5_home,T3_surface_decal,0.16427507996559143,0.23314164578914642,fireflow,0.00019391898240428418,0.004735350608825684,sam_flow_flux,0.014521551318466663,0.0005644401535391808,A sign that says HOME above a blue sign with arrow pointing up.,2.771039128128905
fe_241_stop_arrow_4_love,T3_surface_decal,0.1452590823173523,0.25543564558029175,otrf_enh_sd3,0.00019391898240428418,0.0040306635200977325,otrf_enh_sd3,0.014190053567290306,0.0005644401535391808,A sign that says LOVE above a blue sign with arrow pointing up.,2.7644091731053777
fe_267_yellow_bulldog_11_origami_cat,T5_same_color_material,0.23703576624393463,0.28885695338249207,reflex,0.00031416589627042413,0.0032649761997163296,sam_flow_flux,0.008564868185203522,0.0004975449410267174,"A small, yellow, origami cat positioned in the center of the scene, and it appea",2.7625629669986664
fe_252_tiger_2_crochet_tiger,T5_same_color_material,0.21674129366874695,0.3067459166049957,flowedit_sd3,0.0009347529849037528,0.004095062613487244,sam_flow_flux,0.0177699769847095,0.0022818283177912235,A large crochet tiger standing in a swamp. The crochet tiger is positioned towar,2.7619242412038147
fe_243_stop_arrow_6_beer,T3_surface_decal,0.1540089249610901,0.2657446265220642,fireflow,0.00019391898240428418,0.00507347984239459,sam_flow_flux,0.014000491239130497,0.0005644401535391808,A sign that says BEER above a blue sign with arrow pointing up.,2.7606179265421815
fe_084_cupcake_2_red_velvet,T4_local_recolor,0.24394860863685608,0.2847675085067749,fireflow,0.0032413299195468426,0.02282862924039364,sam_flow_flux,0.011865926906466484,0.0018627000972628593,A small red velvet cupcake with whipped cream on top.,2.700902048125863
fe_019_brown_owl_1_white_owl,T4_local_recolor,0.21391142904758453,0.2864350378513336,reflex,0.0012828352628275752,0.007180512882769108,sam_flow_flux,0.014294933178462088,0.0018088038777932525,"A small, white owl standing on a patch of grass.",2.6576151372864842
fe_270_yellow_bulldog_14_origami_rabbit,T5_same_color_material,0.2188877910375595,0.2918834388256073,reflex,0.00031416589627042413,0.0045975265093147755,sam_flow_sd3,0.009232823911588639,0.0004975449410267174,"A small, yellow, origami rabbit positioned in the center of the scene, and it ap",2.6532398886047304
fe_248_this_must_be_the_place_2_cvpr,T3_surface_decal,0.19559113681316376,0.2989010512828827,sam_flow_sd3,0.00010478357580723241,0.001166557427495718,sam_flow_flux,0.00775756043731235,0.00046128584654070437,"A large, colorful wall with a neon sign that reads ""cvpr must be the place.""",2.6446728511655238
fe_273_yellow_bulldog_17_origami_horse,T5_same_color_material,0.2239217311143875,0.2865411043167114,fireflow,0.00031416589627042413,0.003241427708417177,sam_flow_flux,0.008334134879987687,0.0004975449410267174,"A small, yellow, origami horse positioned in the center of the scene, and it app",2.6352661079727113
fe_067_cat_stone_1_black_kitten,T4_local_recolor,0.22352664172649384,0.29150184988975525,reflex,0.003557328600436449,0.053982313722372055,sam_flow_sd3,0.01488813036121428,0.0013740283902734518,"A small black kitten sitting on a stone ledge. The ledge is located near a wall,",2.4420297471806407
fe_010_beer_glass_1_cocktail,T2_container_insertion,0.26988083124160767,0.2657814919948578,reflex,0.012593130581080914,0.0045926752500236034,sam_flow_sd3,0.006857886910438538,0.0010445574298501015,"A wine glass filled with a vibrant red cocktail, garnished with an orange wedge.",2.216354591399431
fe_036_cake_red_blueberries_2_raspberries,T2_container_insertion,0.19834081828594208,0.21898722648620605,fireflow,0.015477169305086136,0.023072749376296997,otrf_enh_sd3,0.022851428482681513,0.0023239082656800747,"A slice of red velvet cake with white frosting, topped with raspberries.",1.999615516141057
fe_192_parrots_1_top_hat,T1_attached_accessory,0.2647123634815216,0.2935592234134674,fireflow,0.0322427824139595,0.062003206461668015,otrf_enh_sd3,0.03140611574053764,0.009325426071882248,Two colorful parrots sitting on a wooden stump or log. They are positioned close,0.3711411744356155
fe_195_parrots2_1_crown,T1_attached_accessory,0.29525327682495117,0.3009819984436035,sam_flow_flux,0.048696644604206085,0.09904725849628448,otrf_enh_sd3,0.0675644613802433,0.013391267508268356,Two colorful parrots perched on a rocky surface. Both parrots have a crown on th,-0.20430605709552774
fe_095_dog_7_jeweled_crown,T1_attached_accessory,0.27557089924812317,0.288919061422348,fireflow,0.05203912779688835,0.04670660197734833,otrf_enh_sd3,0.026151406578719616,0.0093228155747056,A small black and brown dog sitting on a lush green field. The dog is wearing a ,-1.4811070807278157
fe_142_iguana_2_blue_lizard_top_hat,T1_attached_accessory,0.2894168794155121,0.31095650792121887,sam_flow_flux,0.05330890417098999,0.06569278240203857,sam_flow_flux,0.03720447700470686,0.010322385467588902,A large blue lizard sitting on a rock near the ocean. The blue lizard is wearing,-1.5098953045904637
fe_094_dog_6_red_top_hat,T1_attached_accessory,0.2571468651294708,0.28125259280204773,flowedit_sd3,0.05217016488313675,0.050040874630212784,otrf_enh_sd3,0.027529957704246044,0.006721203215420246,A small black and brown dog sitting on a lush green field. The dog is wearing a ,-1.6280032493174077
fe_197_penguins_2_sculpture,T5_same_color_material,0.22076888382434845,0.2346779853105545,splitflow_sd3,0.052617721259593964,0.025914927944540977,sam_flow_flux,0.015091240406036377,0.03320890665054321,A sculpture of two penguins standing in a lake. They are positioned close to eac,-1.7685838401317597
fe_046_cat_crown_1_black_top_hat,T1_attached_accessory,0.24347300827503204,0.27080023288726807,fireflow,0.06983683258295059,0.07507942616939545,otrf_enh_sd3,0.028244061395525932,0.010621795430779457,"A gray cat sitting on a black cloth, wearing a top hat. The top hat is placed on",-3.428710399568081
fe_196_penguins_1_origami,T5_same_color_material,0.2659447491168976,0.28572845458984375,sam_flow_sd3,0.08790743350982666,0.035785265266895294,otrf_enh_sd3,-0.004628974944353104,0.052667904645204544,Two origami penguins standing in a lake. They are positioned close to each other,-5.78007843196392
fe_211_puppies_3_puppets,T5_same_color_material,0.2577441930770874,0.26565006375312805,reflex,0.09519276767969131,0.038504455238580704,sam_flow_flux,0.002404581755399704,0.04158114641904831,Two adorable puppets of golden retriever puppies sitting in a grassy field. They,-6.189773193001747
