avg_beta_t,avg_cos_anchor_region,avg_cos_base_anchor,avg_cos_base_region,avg_cos_rec_base,avg_cos_rec_edit_total,avg_edit_norm,avg_mask_area,avg_rec_energy,avg_rec_norm,complete,eval_mask_area,failure_flag,failure_note,fill_texture_ratio,final_mask_area,fixed_eval_mask_area,inside_blue_ratio,inside_mask_l1,inside_mask_psnr,inside_mask_rmse,inside_texture_energy,mask_path,mask_source,max_beta_t,max_edit_norm,max_rec_energy,max_rec_norm,method,method_display,missing,outside_mask_l1,outside_mask_psnr,outside_mask_rmse,peak_gpu_memory_gb,result_image,ring_texture_energy,run,runtime_seconds,seed,source_image,source_l1,source_prompt,source_psnr,source_rmse,source_ssim,source_ssim_luma,target_prompt,task
1.0,0.9285701091090838,1.0000000173846881,0.9285701314608256,-0.4329734494288762,-0.0015977260809449945,49.258020877838135,0.0855654776096344,0.019017360755242407,12.870605866114298,True,0.06999860491071429,,,1.2505826942837746,0.0855654776096344,0.06999860491071429,0.4428666334495931,0.1066431999206543,16.006871267717344,0.15836399047177865,8.876129150390625,/cluster/users/grad/2025/25t8103/project/experiments/support_v3_2026-06-02/mask_sensitivity_core5_masks/eroded/bowl_apple_inside_eval_mask.png,fixed_eval_mask,1.0,91.82304382324219,0.045146506279706955,20.21308135986328,adaptive_full_generic_support,Generic support control,,0.055062294006347656,20.379561483863547,0.09572423974490189,13.549590110778809,/cluster/users/grad/2025/25t8103/project/outputs/pretty_matrix/bowl_apple_inside/adaptive_full_generic_support/seed_10/result.png,7.097594738006592,bowl_apple_inside/adaptive_full_generic_support/seed_10,23.98635177896358,10,/cluster/users/grad/2025/25t8103/project/data/pretty_free_candidates/pexels_empty_ceramic_bowl_phase1.jpg,0.058672890067100525,"A top-down photo of an empty blue ceramic bowl on a wooden board in a tidy table setting, with no fruit inside the bowl.",19.881239510321016,0.10137667069516583,0.5288980945390812,0.5288980945390812,"A top-down photo of the same blue ceramic bowl on the same wooden board, with one small red apple centered inside the bowl, while the bowl, board, tableware, leaves, and background remain unchanged.",bowl_apple_inside
1.0,0.9307522922754288,1.0000000074505806,0.9307523046930631,-0.4240238269170125,-0.0029839745936139175,59.002661307652794,0.0855654776096344,0.02004178909313244,13.344950914382935,True,0.06999860491071429,,,1.1515183377592766,0.0855654776096344,0.06999860491071429,0.431572828433815,0.105678491294384,16.1012851322103,0.15665192765437305,6.120340347290039,/cluster/users/grad/2025/25t8103/project/experiments/support_v3_2026-06-02/mask_sensitivity_core5_masks/eroded/bowl_apple_inside_eval_mask.png,fixed_eval_mask,1.0,152.7974853515625,0.04570322483778,20.396018981933594,adaptive_full_generic_support,Generic support control,,0.062470693141222,19.212262070800477,0.10949313646817799,13.38190746307373,/cluster/users/grad/2025/25t8103/project/outputs/pretty_matrix/bowl_apple_inside/adaptive_full_generic_support/seed_11/result.png,5.3150177001953125,bowl_apple_inside/adaptive_full_generic_support/seed_11,44.02060033194721,11,/cluster/users/grad/2025/25t8103/project/data/pretty_free_candidates/pexels_empty_ceramic_bowl_phase1.jpg,0.06549518555402756,"A top-down photo of an empty blue ceramic bowl on a wooden board in a tidy table setting, with no fruit inside the bowl.",18.905123587530838,0.11343414988050231,0.5283746184475999,0.5283746184475999,"A top-down photo of the same blue ceramic bowl on the same wooden board, with one small red apple centered inside the bowl, while the bowl, board, tableware, leaves, and background remain unchanged.",bowl_apple_inside
1.0,0.9305728524923325,0.9999999925494194,0.9305728500088056,-0.42405231793721515,-0.002756239819670251,58.74592169125875,0.0855654776096344,0.020060221169842407,13.360300421714783,True,0.06999860491071429,,,1.1675585636692452,0.0855654776096344,0.06999860491071429,0.4265072247135027,0.10453445464372635,16.24164794609406,0.15414079787935364,6.224045753479004,/cluster/users/grad/2025/25t8103/project/experiments/support_v3_2026-06-02/mask_sensitivity_core5_masks/eroded/bowl_apple_inside_eval_mask.png,fixed_eval_mask,1.0,150.61123657226562,0.04570322483778,20.396018981933594,adaptive_full_generic_support,Generic support control,,0.06248766928911209,19.211248719782155,0.1095059113776658,13.38190746307373,/cluster/users/grad/2025/25t8103/project/outputs/pretty_matrix/bowl_apple_inside/adaptive_full_generic_support/seed_12/result.png,5.3308210372924805,bowl_apple_inside/adaptive_full_generic_support/seed_12,45.77312180097215,12,/cluster/users/grad/2025/25t8103/project/data/pretty_free_candidates/pexels_empty_ceramic_bowl_phase1.jpg,0.0654309019446373,"A top-down photo of an empty blue ceramic bowl on a wooden board in a tidy table setting, with no fruit inside the bowl.",18.92272062177711,0.11320457247617538,0.5279583149641048,0.5279583149641048,"A top-down photo of the same blue ceramic bowl on the same wooden board, with one small red apple centered inside the bowl, while the bowl, board, tableware, leaves, and background remain unchanged.",bowl_apple_inside
1.0,0.0,0.0,0.0,0.0,0.0,0.0,0.0386904776096344,0.0,0.0,True,0.06999860491071429,,,0.9831388296894177,0.0386904776096344,0.06999860491071429,0.592509549908653,0.04351458698511124,22.701047016209724,0.07327362021844308,5.34836483001709,/cluster/users/grad/2025/25t8103/project/experiments/support_v3_2026-06-02/mask_sensitivity_core5_masks/eroded/bowl_apple_inside_eval_mask.png,fixed_eval_mask,1.0,0.0,0.0,0.0,base_only,RF reconstruction / base reconstruction,,0.08150465786457062,18.797075435534236,0.11485402732717617,12.404802322387695,/cluster/users/grad/2025/25t8103/project/outputs/pretty_matrix/bowl_apple_inside/base_only/seed_10/result.png,5.440091133117676,bowl_apple_inside/base_only/seed_10,12.647415276034735,10,/cluster/users/grad/2025/25t8103/project/data/pretty_free_candidates/pexels_empty_ceramic_bowl_phase1.jpg,0.07884540408849716,"A top-down photo of an empty blue ceramic bowl on a wooden board in a tidy table setting, with no fruit inside the bowl.",18.981192754737513,0.11244505527307629,0.41182379909126926,0.41182379909126926,"A top-down photo of the same blue ceramic bowl on the same wooden board, with one small red apple centered inside the bowl, while the bowl, board, tableware, leaves, and background remain unchanged.",bowl_apple_inside
1.0,0.0,0.0,0.0,0.0,0.0,0.0,0.0386904776096344,0.0,0.0,True,0.06999860491071429,,,0.9831388296894177,0.0386904776096344,0.06999860491071429,0.592509549908653,0.04351458698511124,22.701047016209724,0.07327362021844308,5.34836483001709,/cluster/users/grad/2025/25t8103/project/experiments/support_v3_2026-06-02/mask_sensitivity_core5_masks/eroded/bowl_apple_inside_eval_mask.png,fixed_eval_mask,1.0,0.0,0.0,0.0,base_only,RF reconstruction / base reconstruction,,0.08150465786457062,18.797075435534236,0.11485402732717617,12.228387355804443,/cluster/users/grad/2025/25t8103/project/outputs/pretty_matrix/bowl_apple_inside/base_only/seed_11/result.png,5.440091133117676,bowl_apple_inside/base_only/seed_11,24.904483293066733,11,/cluster/users/grad/2025/25t8103/project/data/pretty_free_candidates/pexels_empty_ceramic_bowl_phase1.jpg,0.07884540408849716,"A top-down photo of an empty blue ceramic bowl on a wooden board in a tidy table setting, with no fruit inside the bowl.",18.981192754737513,0.11244505527307629,0.41182379909126926,0.41182379909126926,"A top-down photo of the same blue ceramic bowl on the same wooden board, with one small red apple centered inside the bowl, while the bowl, board, tableware, leaves, and background remain unchanged.",bowl_apple_inside
1.0,0.0,0.0,0.0,0.0,0.0,0.0,0.0386904776096344,0.0,0.0,True,0.06999860491071429,,,0.9831388296894177,0.0386904776096344,0.06999860491071429,0.592509549908653,0.04351458698511124,22.701047016209724,0.07327362021844308,5.34836483001709,/cluster/users/grad/2025/25t8103/project/experiments/support_v3_2026-06-02/mask_sensitivity_core5_masks/eroded/bowl_apple_inside_eval_mask.png,fixed_eval_mask,1.0,0.0,0.0,0.0,base_only,RF reconstruction / base reconstruction,,0.08150465786457062,18.797075435534236,0.11485402732717617,12.228387355804443,/cluster/users/grad/2025/25t8103/project/outputs/pretty_matrix/bowl_apple_inside/base_only/seed_12/result.png,5.440091133117676,bowl_apple_inside/base_only/seed_12,24.287901722011156,12,/cluster/users/grad/2025/25t8103/project/data/pretty_free_candidates/pexels_empty_ceramic_bowl_phase1.jpg,0.07884540408849716,"A top-down photo of an empty blue ceramic bowl on a wooden board in a tidy table setting, with no fruit inside the bowl.",18.981192754737513,0.11244505527307629,0.41182379909126926,0.41182379909126926,"A top-down photo of the same blue ceramic bowl on the same wooden board, with one small red apple centered inside the bowl, while the bowl, board, tableware, leaves, and background remain unchanged.",bowl_apple_inside
1.0,0.9243635013699532,1.000000034769376,0.9243635212381681,0.0,0.0,34.61550635099411,0.0386904776096344,0.0,0.0,True,0.06999860491071429,,,0.9420257864143173,0.0386904776096344,0.06999860491071429,0.579388805846205,0.06456661224365234,19.58347542432786,0.10491225665779076,6.625845909118652,/cluster/users/grad/2025/25t8103/project/experiments/support_v3_2026-06-02/mask_sensitivity_core5_masks/eroded/bowl_apple_inside_eval_mask.png,fixed_eval_mask,1.0,83.87122344970703,0.0,0.0,direct_target,Direct target guidance,,0.09206903725862503,17.787208821215025,0.12901480756465802,12.404802322387695,/cluster/users/grad/2025/25t8103/project/outputs/pretty_matrix/bowl_apple_inside/direct_target/seed_10/result.png,7.033614158630371,bowl_apple_inside/direct_target/seed_10,11.739561497000977,10,/cluster/users/grad/2025/25t8103/project/data/pretty_free_candidates/pexels_empty_ceramic_bowl_phase1.jpg,0.09014389663934708,"A top-down photo of an empty blue ceramic bowl on a wooden board in a tidy table setting, with no fruit inside the bowl.",17.891427179566385,0.1274760626663702,0.3434925987526114,0.3434925987526114,"A top-down photo of the same blue ceramic bowl on the same wooden board, with one small red apple centered inside the bowl, while the bowl, board, tableware, leaves, and background remain unchanged.",bowl_apple_inside
1.0,0.9243635013699532,1.000000034769376,0.9243635212381681,0.0,0.0,34.61550635099411,0.0386904776096344,0.0,0.0,True,0.06999860491071429,,,0.9420257864143173,0.0386904776096344,0.06999860491071429,0.579388805846205,0.06456661224365234,19.58347542432786,0.10491225665779076,6.625845909118652,/cluster/users/grad/2025/25t8103/project/experiments/support_v3_2026-06-02/mask_sensitivity_core5_masks/eroded/bowl_apple_inside_eval_mask.png,fixed_eval_mask,1.0,83.87122344970703,0.0,0.0,direct_target,Direct target guidance,,0.09206903725862503,17.787208821215025,0.12901480756465802,12.228387355804443,/cluster/users/grad/2025/25t8103/project/outputs/pretty_matrix/bowl_apple_inside/direct_target/seed_11/result.png,7.033614158630371,bowl_apple_inside/direct_target/seed_11,25.250485384021886,11,/cluster/users/grad/2025/25t8103/project/data/pretty_free_candidates/pexels_empty_ceramic_bowl_phase1.jpg,0.09014389663934708,"A top-down photo of an empty blue ceramic bowl on a wooden board in a tidy table setting, with no fruit inside the bowl.",17.891427179566385,0.1274760626663702,0.3434925987526114,0.3434925987526114,"A top-down photo of the same blue ceramic bowl on the same wooden board, with one small red apple centered inside the bowl, while the bowl, board, tableware, leaves, and background remain unchanged.",bowl_apple_inside
1.0,0.9243635013699532,1.000000034769376,0.9243635212381681,0.0,0.0,34.61550635099411,0.0386904776096344,0.0,0.0,True,0.06999860491071429,,,0.9420257864143173,0.0386904776096344,0.06999860491071429,0.579388805846205,0.06456661224365234,19.58347542432786,0.10491225665779076,6.625845909118652,/cluster/users/grad/2025/25t8103/project/experiments/support_v3_2026-06-02/mask_sensitivity_core5_masks/eroded/bowl_apple_inside_eval_mask.png,fixed_eval_mask,1.0,83.87122344970703,0.0,0.0,direct_target,Direct target guidance,,0.09206903725862503,17.787208821215025,0.12901480756465802,12.228387355804443,/cluster/users/grad/2025/25t8103/project/outputs/pretty_matrix/bowl_apple_inside/direct_target/seed_12/result.png,7.033614158630371,bowl_apple_inside/direct_target/seed_12,25.940458072931506,12,/cluster/users/grad/2025/25t8103/project/data/pretty_free_candidates/pexels_empty_ceramic_bowl_phase1.jpg,0.09014389663934708,"A top-down photo of an empty blue ceramic bowl on a wooden board in a tidy table setting, with no fruit inside the bowl.",17.891427179566385,0.1274760626663702,0.3434925987526114,0.3434925987526114,"A top-down photo of the same blue ceramic bowl on the same wooden board, with one small red apple centered inside the bowl, while the bowl, board, tableware, leaves, and background remain unchanged.",bowl_apple_inside
1.0,0.9303441842397054,1.000000002483527,0.9303441767891248,-0.47867168486118317,-0.0014410709530541983,55.16568720340729,0.0498511902987957,0.019112178745369118,16.410365144411724,True,0.06999860491071429,,,1.3384731824893568,0.0498511902987957,0.06999860491071429,0.45773127387477164,0.1095554530620575,15.299879366087634,0.1717932246480879,8.970634460449219,/cluster/users/grad/2025/25t8103/project/experiments/support_v3_2026-06-02/mask_sensitivity_core5_masks/eroded/bowl_apple_inside_eval_mask.png,fixed_eval_mask,1.0,111.25521850585938,0.04978067800402641,31.730886459350586,support_v3_controller_rmsgap,CleanEdit,,0.05398620665073395,20.57201340384479,0.09362661666645733,13.382913589477539,/cluster/users/grad/2025/25t8103/project/outputs/pretty_matrix/bowl_apple_inside/support_v3_controller_rmsgap/seed_10/result.png,6.702139854431152,bowl_apple_inside/support_v3_controller_rmsgap/seed_10,45.281528966035694,10,/cluster/users/grad/2025/25t8103/project/data/pretty_free_candidates/pexels_empty_ceramic_bowl_phase1.jpg,0.057875972241163254,"A top-down photo of an empty blue ceramic bowl on a wooden board in a tidy table setting, with no fruit inside the bowl.",19.9062543118987,0.1010851324335192,0.5295704473850035,0.5295704473850035,"A top-down photo of the same blue ceramic bowl on the same wooden board, with one small red apple centered inside the bowl, while the bowl, board, tableware, leaves, and background remain unchanged.",bowl_apple_inside
1.0,0.927708255747954,1.0000000273187954,0.9277082706491152,-0.48090923950076103,-0.0006750710696602861,51.92300456762314,0.0498511902987957,0.019154126445452373,16.46789050102234,True,0.06999860491071429,,,1.2071088867753623,0.0498511902987957,0.06999860491071429,0.47757847533632286,0.07664187997579575,17.590425175903732,0.13197107100427366,8.285743713378906,/cluster/users/grad/2025/25t8103/project/experiments/support_v3_2026-06-02/mask_sensitivity_core5_masks/eroded/bowl_apple_inside_eval_mask.png,fixed_eval_mask,1.0,96.04899597167969,0.050993435084819794,32.436363220214844,support_v3_controller_rmsgap,CleanEdit,,0.055357832461595535,20.307445071465537,0.09652231875751204,13.382582664489746,/cluster/users/grad/2025/25t8103/project/outputs/pretty_matrix/bowl_apple_inside/support_v3_controller_rmsgap/seed_11/result.png,6.8641228675842285,bowl_apple_inside/support_v3_controller_rmsgap/seed_11,45.81530342402402,11,/cluster/users/grad/2025/25t8103/project/data/pretty_free_candidates/pexels_empty_ceramic_bowl_phase1.jpg,0.05684768408536911,"A top-down photo of an empty blue ceramic bowl on a wooden board in a tidy table setting, with no fruit inside the bowl.",20.050877322201238,0.09941596533372604,0.5363352490364897,0.5363352490364897,"A top-down photo of the same blue ceramic bowl on the same wooden board, with one small red apple centered inside the bowl, while the bowl, board, tableware, leaves, and background remain unchanged.",bowl_apple_inside
1.0,0.9272106736898422,0.9999999900658926,0.9272106736898422,-0.4808750165005525,-0.0006794828847584237,52.143897434075676,0.0498511902987957,0.01918607627643117,16.493574539820354,True,0.06999860491071429,,,1.2003038948393923,0.0498511902987957,0.06999860491071429,0.47757847533632286,0.07660520076751709,17.59569033820351,0.1318910977857088,8.210783958435059,/cluster/users/grad/2025/25t8103/project/experiments/support_v3_2026-06-02/mask_sensitivity_core5_masks/eroded/bowl_apple_inside_eval_mask.png,fixed_eval_mask,1.0,100.87434387207031,0.050993435084819794,32.436363220214844,support_v3_controller_rmsgap,CleanEdit,,0.055400289595127106,20.299347681189282,0.09661234330804866,13.382582664489746,/cluster/users/grad/2025/25t8103/project/outputs/pretty_matrix/bowl_apple_inside/support_v3_controller_rmsgap/seed_12/result.png,6.840587615966797,bowl_apple_inside/support_v3_controller_rmsgap/seed_12,45.3062344690552,12,/cluster/users/grad/2025/25t8103/project/data/pretty_free_candidates/pexels_empty_ceramic_bowl_phase1.jpg,0.056884605437517166,"A top-down photo of an empty blue ceramic bowl on a wooden board in a tidy table setting, with no fruit inside the bowl.",20.044426033657075,0.09948983218487079,0.5365234928406529,0.5365234928406529,"A top-down photo of the same blue ceramic bowl on the same wooden board, with one small red apple centered inside the bowl, while the bowl, board, tableware, leaves, and background remain unchanged.",bowl_apple_inside
1.0,0.9374190693100294,1.0,0.937419074277083,-0.4213687951366107,-0.0014240572503088818,38.087329149246216,0.0509672611951828,0.025608243444973294,15.054943641026815,True,0.06898716517857142,,,0.9867992416539508,0.0509672611951828,0.06898716517857142,0.2596056622851365,0.052309174090623856,21.520129552620446,0.08394474658180648,9.116665840148926,/cluster/users/grad/2025/25t8103/project/experiments/support_v3_2026-06-02/mask_sensitivity_core5_masks/eroded/cat_crown_eval_mask.png,fixed_eval_mask,1.0,73.41099548339844,0.07527968287467957,27.796995162963867,adaptive_full_generic_support,Generic support control,,0.058656245470047,19.14860932626779,0.11029848155569977,13.380748271942139,/cluster/users/grad/2025/25t8103/project/outputs/pretty_matrix/cat_crown/adaptive_full_generic_support/seed_10/result.png,9.238622665405273,cat_crown/adaptive_full_generic_support/seed_10,77.85174330091104,10,/cluster/users/grad/2025/25t8103/project/data/paper_images/cat_sitting_in_grass.jpg,0.05821836739778519,A photo of a cat sitting in grass.,19.276542167149323,0.10868582132802408,0.6587047557372241,0.6587047557372241,"A photo of the same cat sitting in the same grass, wearing a small golden crown on its head.",cat_crown
1.0,0.938508560260137,1.0000000124176343,0.93850855777661,-0.4199557552735011,-0.0013486088916276155,38.897640307744346,0.0509672611951828,0.025670879040262662,15.093058824539185,True,0.06898716517857142,,,0.9988411914128489,0.0509672611951828,0.06898716517857142,0.24612403100775193,0.052153099328279495,21.549731388260156,0.0836591467004948,9.137625694274902,/cluster/users/grad/2025/25t8103/project/experiments/support_v3_2026-06-02/mask_sensitivity_core5_masks/eroded/cat_crown_eval_mask.png,fixed_eval_mask,1.0,73.22744750976562,0.07527968287467957,27.796995162963867,adaptive_full_generic_support,Generic support control,,0.05820480361580849,19.255178464768527,0.10895347259643287,13.380748271942139,/cluster/users/grad/2025/25t8103/project/outputs/pretty_matrix/cat_crown/adaptive_full_generic_support/seed_11/result.png,9.148226737976074,cat_crown/adaptive_full_generic_support/seed_11,65.602903123945,11,/cluster/users/grad/2025/25t8103/project/data/paper_images/cat_sitting_in_grass.jpg,0.05778733268380165,A photo of a cat sitting in grass.,19.379917262731723,0.10739996426546668,0.6573653059095208,0.6573653059095208,"A photo of the same cat sitting in the same grass, wearing a small golden crown on its head.",cat_crown
1.0,0.9378162249922752,1.000000037252903,0.9378162349263827,-0.42018091306090355,-0.0013414189249184953,38.04706104596456,0.0509672611951828,0.025664023676654324,15.092612584431967,True,0.06898716517857142,,,0.9774858892724801,0.0509672611951828,0.06898716517857142,0.24410178631614426,0.05214615911245346,21.548581795439855,0.08367021986894208,9.136738777160645,/cluster/users/grad/2025/25t8103/project/experiments/support_v3_2026-06-02/mask_sensitivity_core5_masks/eroded/cat_crown_eval_mask.png,fixed_eval_mask,1.0,73.43817901611328,0.07527968287467957,27.796995162963867,adaptive_full_generic_support,Generic support control,,0.05869457870721817,19.164687114876802,0.11009450527985651,13.382246971130371,/cluster/users/grad/2025/25t8103/project/outputs/pretty_matrix/cat_crown/adaptive_full_generic_support/seed_12/result.png,9.347182273864746,cat_crown/adaptive_full_generic_support/seed_12,75.44735418492928,12,/cluster/users/grad/2025/25t8103/project/data/paper_images/cat_sitting_in_grass.jpg,0.05824281647801399,A photo of a cat sitting in grass.,19.29312834111829,0.10847847792953985,0.6571465538888174,0.6571465538888174,"A photo of the same cat sitting in the same grass, wearing a small golden crown on its head.",cat_crown
1.0,0.0,0.0,0.0,0.0,0.0,0.0,0.1439732164144516,0.0,0.0,True,0.06898716517857142,,,1.0765846779739947,0.1439732164144516,0.06898716517857142,0.03640040444893832,0.09010257571935654,18.603846357701105,0.11743773922380706,8.43085765838623,/cluster/users/grad/2025/25t8103/project/experiments/support_v3_2026-06-02/mask_sensitivity_core5_masks/eroded/cat_crown_eval_mask.png,fixed_eval_mask,1.0,0.0,0.0,0.0,base_only,RF reconstruction / base reconstruction,,0.08185723423957825,18.732735273358365,0.11570795987966069,12.228387355804443,/cluster/users/grad/2025/25t8103/project/outputs/pretty_matrix/cat_crown/base_only/seed_10/result.png,7.831114292144775,cat_crown/base_only/seed_10,88.60925099416636,10,/cluster/users/grad/2025/25t8103/project/data/paper_images/cat_sitting_in_grass.jpg,0.0824260413646698,A photo of a cat sitting in grass.,18.72371894903326,0.11582813204378452,0.51215370209805,0.51215370209805,"A photo of the same cat sitting in the same grass, wearing a small golden crown on its head.",cat_crown
1.0,0.0,0.0,0.0,0.0,0.0,0.0,0.1439732164144516,0.0,0.0,True,0.06898716517857142,,,1.0765846779739947,0.1439732164144516,0.06898716517857142,0.03640040444893832,0.09010257571935654,18.603846357701105,0.11743773922380706,8.43085765838623,/cluster/users/grad/2025/25t8103/project/experiments/support_v3_2026-06-02/mask_sensitivity_core5_masks/eroded/cat_crown_eval_mask.png,fixed_eval_mask,1.0,0.0,0.0,0.0,base_only,RF reconstruction / base reconstruction,,0.08185723423957825,18.732735273358365,0.11570795987966069,12.228387355804443,/cluster/users/grad/2025/25t8103/project/outputs/pretty_matrix/cat_crown/base_only/seed_11/result.png,7.831114292144775,cat_crown/base_only/seed_11,83.23979535792023,11,/cluster/users/grad/2025/25t8103/project/data/paper_images/cat_sitting_in_grass.jpg,0.0824260413646698,A photo of a cat sitting in grass.,18.72371894903326,0.11582813204378452,0.51215370209805,0.51215370209805,"A photo of the same cat sitting in the same grass, wearing a small golden crown on its head.",cat_crown
1.0,0.0,0.0,0.0,0.0,0.0,0.0,0.1439732164144516,0.0,0.0,True,0.06898716517857142,,,1.0765846779739947,0.1439732164144516,0.06898716517857142,0.03640040444893832,0.09010257571935654,18.603846357701105,0.11743773922380706,8.43085765838623,/cluster/users/grad/2025/25t8103/project/experiments/support_v3_2026-06-02/mask_sensitivity_core5_masks/eroded/cat_crown_eval_mask.png,fixed_eval_mask,1.0,0.0,0.0,0.0,base_only,RF reconstruction / base reconstruction,,0.08185723423957825,18.732735273358365,0.11570795987966069,12.228387355804443,/cluster/users/grad/2025/25t8103/project/outputs/pretty_matrix/cat_crown/base_only/seed_12/result.png,7.831114292144775,cat_crown/base_only/seed_12,49.95043410384096,12,/cluster/users/grad/2025/25t8103/project/data/paper_images/cat_sitting_in_grass.jpg,0.0824260413646698,A photo of a cat sitting in grass.,18.72371894903326,0.11582813204378452,0.51215370209805,0.51215370209805,"A photo of the same cat sitting in the same grass, wearing a small golden crown on its head.",cat_crown
1.0,0.9265108729402224,1.0000000223517418,0.9265108729402224,0.0,0.0,86.26876147588094,0.1439732164144516,0.0,0.0,True,0.06898716517857142,,,1.2286613059097058,0.1439732164144516,0.06898716517857142,0.02443545669025952,0.12035109847784042,15.716895827820833,0.16374015931415367,10.93778133392334,/cluster/users/grad/2025/25t8103/project/experiments/support_v3_2026-06-02/mask_sensitivity_core5_masks/eroded/cat_crown_eval_mask.png,fixed_eval_mask,1.0,192.264404296875,0.0,0.0,direct_target,Direct target guidance,,0.12471514195203781,14.91174722526977,0.1796439677870837,12.228387355804443,/cluster/users/grad/2025/25t8103/project/outputs/pretty_matrix/cat_crown/direct_target/seed_10/result.png,8.902194023132324,cat_crown/direct_target/seed_10,100.41507149883546,10,/cluster/users/grad/2025/25t8103/project/data/paper_images/cat_sitting_in_grass.jpg,0.12441408634185791,A photo of a cat sitting in grass.,14.96274597010114,0.17859228812726605,0.43582138269391796,0.43582138269391796,"A photo of the same cat sitting in the same grass, wearing a small golden crown on its head.",cat_crown
1.0,0.9265108729402224,1.0000000223517418,0.9265108729402224,0.0,0.0,86.26876147588094,0.1439732164144516,0.0,0.0,True,0.06898716517857142,,,1.2286613059097058,0.1439732164144516,0.06898716517857142,0.02443545669025952,0.12035109847784042,15.716895827820833,0.16374015931415367,10.93778133392334,/cluster/users/grad/2025/25t8103/project/experiments/support_v3_2026-06-02/mask_sensitivity_core5_masks/eroded/cat_crown_eval_mask.png,fixed_eval_mask,1.0,192.264404296875,0.0,0.0,direct_target,Direct target guidance,,0.12471514195203781,14.91174722526977,0.1796439677870837,12.228387355804443,/cluster/users/grad/2025/25t8103/project/outputs/pretty_matrix/cat_crown/direct_target/seed_11/result.png,8.902194023132324,cat_crown/direct_target/seed_11,67.39558223308995,11,/cluster/users/grad/2025/25t8103/project/data/paper_images/cat_sitting_in_grass.jpg,0.12441408634185791,A photo of a cat sitting in grass.,14.96274597010114,0.17859228812726605,0.43582138269391796,0.43582138269391796,"A photo of the same cat sitting in the same grass, wearing a small golden crown on its head.",cat_crown
1.0,0.9265108729402224,1.0000000223517418,0.9265108729402224,0.0,0.0,86.26876147588094,0.1439732164144516,0.0,0.0,True,0.06898716517857142,,,1.2286613059097058,0.1439732164144516,0.06898716517857142,0.02443545669025952,0.12035109847784042,15.716895827820833,0.16374015931415367,10.93778133392334,/cluster/users/grad/2025/25t8103/project/experiments/support_v3_2026-06-02/mask_sensitivity_core5_masks/eroded/cat_crown_eval_mask.png,fixed_eval_mask,1.0,192.264404296875,0.0,0.0,direct_target,Direct target guidance,,0.12471514195203781,14.91174722526977,0.1796439677870837,12.228387355804443,/cluster/users/grad/2025/25t8103/project/outputs/pretty_matrix/cat_crown/direct_target/seed_12/result.png,8.902194023132324,cat_crown/direct_target/seed_12,46.027922465931624,12,/cluster/users/grad/2025/25t8103/project/data/paper_images/cat_sitting_in_grass.jpg,0.12441408634185791,A photo of a cat sitting in grass.,14.96274597010114,0.17859228812726605,0.43582138269391796,0.43582138269391796,"A photo of the same cat sitting in the same grass, wearing a small golden crown on its head.",cat_crown
1.0,0.9280055165290833,1.0000000173846881,0.9280055090785027,-0.48706963285803795,-1.4918252423020325e-05,46.11226121584574,0.015625,0.026395091069086146,20.71551712354024,True,0.06898716517857142,,,0.863752406100757,0.015625,0.06898716517857142,0.24772497472194135,0.04911741614341736,21.290303350662917,0.08619554747853111,9.689905166625977,/cluster/users/grad/2025/25t8103/project/experiments/support_v3_2026-06-02/mask_sensitivity_core5_masks/eroded/cat_crown_eval_mask.png,fixed_eval_mask,1.0,93.04385375976562,0.08544035255908966,48.33605194091797,support_v3_controller_rmsgap,CleanEdit,,0.05645838752388954,19.639485636496975,0.10423791554733321,13.382582664489746,/cluster/users/grad/2025/25t8103/project/outputs/pretty_matrix/cat_crown/support_v3_controller_rmsgap/seed_10/result.png,11.218382835388184,cat_crown/support_v3_controller_rmsgap/seed_10,45.79900091001764,10,/cluster/users/grad/2025/25t8103/project/data/paper_images/cat_sitting_in_grass.jpg,0.05595196783542633,A photo of a cat sitting in grass.,19.735275275096306,0.10309467556177469,0.6547882228209045,0.6547882228209045,"A photo of the same cat sitting in the same grass, wearing a small golden crown centered on top of its head between the ears.",cat_crown
1.0,0.9251640637715658,1.0000000149011612,0.9251640563209852,-0.4811501068373521,-0.00026198737858370197,52.10152769088745,0.02566964365541935,0.02655175531981513,20.965964476267498,True,0.06898716517857142,,,0.8673155608206755,0.02566964365541935,0.06898716517857142,0.24957869902258173,0.04955678433179855,21.183470622544554,0.08726226247338624,9.685577392578125,/cluster/users/grad/2025/25t8103/project/experiments/support_v3_2026-06-02/mask_sensitivity_core5_masks/eroded/cat_crown_eval_mask.png,fixed_eval_mask,1.0,111.37157440185547,0.08434727787971497,48.056922912597656,support_v3_controller_rmsgap,CleanEdit,,0.05760149285197258,19.46686263095939,0.10633025819599196,13.255289554595947,/cluster/users/grad/2025/25t8103/project/outputs/pretty_matrix/cat_crown/support_v3_controller_rmsgap/seed_11/result.png,11.167304992675781,cat_crown/support_v3_controller_rmsgap/seed_11,128.13554282812402,11,/cluster/users/grad/2025/25t8103/project/data/paper_images/cat_sitting_in_grass.jpg,0.057046517729759216,A photo of a cat sitting in grass.,19.56580190828229,0.10512594301382525,0.6504116401816777,0.6504116401816777,"A photo of the same cat sitting in the same grass, wearing a small golden crown on its head.",cat_crown
1.0,0.9250591124097506,1.0000000099341075,0.9250590999921163,-0.48148030415177345,-0.0003335764001045997,51.118948658307396,0.02566964365541935,0.026571409640988957,20.9822332461675,True,0.06898716517857142,,,0.8719089135698964,0.02566964365541935,0.06898716517857142,0.2479777553083923,0.04953816905617714,21.189076994571018,0.08720595657096543,9.685888290405273,/cluster/users/grad/2025/25t8103/project/experiments/support_v3_2026-06-02/mask_sensitivity_core5_masks/eroded/cat_crown_eval_mask.png,fixed_eval_mask,1.0,106.23957824707031,0.08434727787971497,48.056922912597656,support_v3_controller_rmsgap,CleanEdit,,0.05739505589008331,19.50417221773193,0.1058745040850977,13.255289554595947,/cluster/users/grad/2025/25t8103/project/outputs/pretty_matrix/cat_crown/support_v3_controller_rmsgap/seed_12/result.png,11.108830451965332,cat_crown/support_v3_controller_rmsgap/seed_12,84.28995084087364,12,/cluster/users/grad/2025/25t8103/project/data/paper_images/cat_sitting_in_grass.jpg,0.0568530298769474,A photo of a cat sitting in grass.,19.601599380547754,0.10469357522730473,0.6504726435799123,0.6504726435799123,"A photo of the same cat sitting in the same grass, wearing a small golden crown on its head.",cat_crown
1.0,0.9296830892562866,1.0000000198682149,0.9296831240256628,-0.39992863064010936,0.00031849258387713536,20.914268493652344,0.0435267873108387,0.014678796277924752,10.620822509129843,True,0.07703218005952381,,,0.11351184240750829,0.0435267873108387,0.07703218005952381,0.0,0.01065144408494234,34.07964813463265,0.019770497287691858,1.2092747688293457,/cluster/users/grad/2025/25t8103/project/experiments/support_v3_2026-06-02/mask_sensitivity_core5_masks/eroded/pillow_same_color_cable_knit_eval_mask.png,fixed_eval_mask,1.0,50.155460357666016,0.05208474397659302,22.591821670532227,adaptive_full_generic_support,Generic support control,,0.02555743232369423,24.9667885129173,0.05644956171811802,13.381566524505615,/cluster/users/grad/2025/25t8103/project/outputs/pretty_matrix/pillow_same_color_cable_knit/adaptive_full_generic_support/seed_10/result.png,10.653291702270508,pillow_same_color_cable_knit/adaptive_full_generic_support/seed_10,54.481746443983866,10,/cluster/users/grad/2025/25t8103/project/data/phase2_candidates/pexels_white_pillow_brown_sofa_6312089.jpg,0.02440919354557991,A cozy living room photo with a plain white pillow on a brown sofa.,25.27068618300817,0.054508683227084215,0.8060142999149045,0.8060142999149045,"A photo of the same white pillow on the same brown sofa, with the entire pillow surface changed into same-color white chunky cable-knit fabric with thick braided knitted columns, while preserving the pillow shape, outline, lighting, sofa, background, and the rest of the scene.",pillow_same_color_cable_knit
1.0,0.9296845396359762,0.9999999950329462,0.929684542119503,-0.39970079995691776,0.00021761204576857077,20.916580537954967,0.0435267873108387,0.014688932923794104,10.629909435907999,True,0.07703218005952381,,,0.11348956122179847,0.0435267873108387,0.07703218005952381,0.0,0.010671566240489483,34.07029762615435,0.019791792025556,1.208919644355774,/cluster/users/grad/2025/25t8103/project/experiments/support_v3_2026-06-02/mask_sensitivity_core5_masks/eroded/pillow_same_color_cable_knit_eval_mask.png,fixed_eval_mask,1.0,49.78449249267578,0.05208474397659302,22.591821670532227,adaptive_full_generic_support,Generic support control,,0.02564866840839386,24.944676309548733,0.0565934519159586,13.381566524505615,/cluster/users/grad/2025/25t8103/project/outputs/pretty_matrix/pillow_same_color_cable_knit/adaptive_full_generic_support/seed_11/result.png,10.652254104614258,pillow_same_color_cable_knit/adaptive_full_generic_support/seed_11,49.937846618995536,11,/cluster/users/grad/2025/25t8103/project/data/phase2_candidates/pexels_white_pillow_brown_sofa_6312089.jpg,0.024494951590895653,A cozy living room photo with a plain white pillow on a brown sofa.,25.24870487996423,0.05464680255805577,0.8062459634469092,0.8062459634469092,"A photo of the same white pillow on the same brown sofa, with the entire pillow surface changed into same-color white chunky cable-knit fabric with thick braided knitted columns, while preserving the pillow shape, outline, lighting, sofa, background, and the rest of the scene.",pillow_same_color_cable_knit
1.0,0.9308558429280916,0.9999999975164732,0.9308558255434036,-0.4002362421403329,4.419023268080006e-05,20.53516952196757,0.0435267873108387,0.014670445797188828,10.619360009829203,True,0.07703218005952381,,,0.11341116149668429,0.0435267873108387,0.07703218005952381,0.0,0.010621556080877781,34.081991256456064,0.01976516468069018,1.2081024646759033,/cluster/users/grad/2025/25t8103/project/experiments/support_v3_2026-06-02/mask_sensitivity_core5_masks/eroded/pillow_same_color_cable_knit_eval_mask.png,fixed_eval_mask,1.0,51.93861770629883,0.05208474397659302,22.591821670532227,adaptive_full_generic_support,Generic support control,,0.025199253112077713,25.060818951312157,0.055841754171481815,13.381566524505615,/cluster/users/grad/2025/25t8103/project/outputs/pretty_matrix/pillow_same_color_cable_knit/adaptive_full_generic_support/seed_12/result.png,10.652412414550781,pillow_same_color_cable_knit/adaptive_full_generic_support/seed_12,54.83429874799913,12,/cluster/users/grad/2025/25t8103/project/data/phase2_candidates/pexels_white_pillow_brown_sofa_6312089.jpg,0.024076303467154503,A cozy living room photo with a plain white pillow on a brown sofa.,25.36377812260161,0.05392760012943143,0.806289835787292,0.806289835787292,"A photo of the same white pillow on the same brown sofa, with the entire pillow surface changed into same-color white chunky cable-knit fabric with thick braided knitted columns, while preserving the pillow shape, outline, lighting, sofa, background, and the rest of the scene.",pillow_same_color_cable_knit
1.0,0.0,0.0,0.0,0.0,0.0,0.0,0.1815476268529892,0.0,0.0,True,0.07703218005952381,,,0.1435841857184255,0.1815476268529892,0.07703218005952381,0.0,0.027953453361988068,30.047045100644073,0.031451962194395604,1.277727484703064,/cluster/users/grad/2025/25t8103/project/experiments/support_v3_2026-06-02/mask_sensitivity_core5_masks/eroded/pillow_same_color_cable_knit_eval_mask.png,fixed_eval_mask,1.0,0.0,0.0,0.0,base_only,RF reconstruction / base reconstruction,,0.04525500908493996,22.946442373670344,0.07123244990173878,12.228387355804443,/cluster/users/grad/2025/25t8103/project/outputs/pretty_matrix/pillow_same_color_cable_knit/base_only/seed_10/result.png,8.8988037109375,pillow_same_color_cable_knit/base_only/seed_10,27.244667913008016,10,/cluster/users/grad/2025/25t8103/project/data/phase2_candidates/pexels_white_pillow_brown_sofa_6312089.jpg,0.04392223060131073,A cozy living room photo with a plain white pillow on a brown sofa.,23.224479498581427,0.06898839242238386,0.7552240860693088,0.7552240860693088,"A photo of the same white pillow on the same brown sofa, with the entire pillow surface changed into same-color white chunky cable-knit fabric with thick braided knitted columns, while preserving the pillow shape, outline, lighting, sofa, background, and the rest of the scene.",pillow_same_color_cable_knit
1.0,0.0,0.0,0.0,0.0,0.0,0.0,0.1815476268529892,0.0,0.0,True,0.07703218005952381,,,0.1435841857184255,0.1815476268529892,0.07703218005952381,0.0,0.027953453361988068,30.047045100644073,0.031451962194395604,1.277727484703064,/cluster/users/grad/2025/25t8103/project/experiments/support_v3_2026-06-02/mask_sensitivity_core5_masks/eroded/pillow_same_color_cable_knit_eval_mask.png,fixed_eval_mask,1.0,0.0,0.0,0.0,base_only,RF reconstruction / base reconstruction,,0.04525500908493996,22.946442373670344,0.07123244990173878,12.228387355804443,/cluster/users/grad/2025/25t8103/project/outputs/pretty_matrix/pillow_same_color_cable_knit/base_only/seed_11/result.png,8.8988037109375,pillow_same_color_cable_knit/base_only/seed_11,28.00209794897819,11,/cluster/users/grad/2025/25t8103/project/data/phase2_candidates/pexels_white_pillow_brown_sofa_6312089.jpg,0.04392223060131073,A cozy living room photo with a plain white pillow on a brown sofa.,23.224479498581427,0.06898839242238386,0.7552240860693088,0.7552240860693088,"A photo of the same white pillow on the same brown sofa, with the entire pillow surface changed into same-color white chunky cable-knit fabric with thick braided knitted columns, while preserving the pillow shape, outline, lighting, sofa, background, and the rest of the scene.",pillow_same_color_cable_knit
1.0,0.0,0.0,0.0,0.0,0.0,0.0,0.1815476268529892,0.0,0.0,True,0.07703218005952381,,,0.1435841857184255,0.1815476268529892,0.07703218005952381,0.0,0.027953453361988068,30.047045100644073,0.031451962194395604,1.277727484703064,/cluster/users/grad/2025/25t8103/project/experiments/support_v3_2026-06-02/mask_sensitivity_core5_masks/eroded/pillow_same_color_cable_knit_eval_mask.png,fixed_eval_mask,1.0,0.0,0.0,0.0,base_only,RF reconstruction / base reconstruction,,0.04525500908493996,22.946442373670344,0.07123244990173878,12.228387355804443,/cluster/users/grad/2025/25t8103/project/outputs/pretty_matrix/pillow_same_color_cable_knit/base_only/seed_12/result.png,8.8988037109375,pillow_same_color_cable_knit/base_only/seed_12,27.64795045199571,12,/cluster/users/grad/2025/25t8103/project/data/phase2_candidates/pexels_white_pillow_brown_sofa_6312089.jpg,0.04392223060131073,A cozy living room photo with a plain white pillow on a brown sofa.,23.224479498581427,0.06898839242238386,0.7552240860693088,0.7552240860693088,"A photo of the same white pillow on the same brown sofa, with the entire pillow surface changed into same-color white chunky cable-knit fabric with thick braided knitted columns, while preserving the pillow shape, outline, lighting, sofa, background, and the rest of the scene.",pillow_same_color_cable_knit
1.0,0.9382781585057577,1.0000000422199566,0.9382781560222307,0.0,0.0,84.98802773157756,0.1815476268529892,0.0,0.0,True,0.07703218005952381,,,1.0258805380124094,0.1815476268529892,0.07703218005952381,0.01977060066405071,0.12959423661231995,14.884639146392939,0.1802055003562764,13.664225578308105,/cluster/users/grad/2025/25t8103/project/experiments/support_v3_2026-06-02/mask_sensitivity_core5_masks/eroded/pillow_same_color_cable_knit_eval_mask.png,fixed_eval_mask,1.0,265.6778259277344,0.0,0.0,direct_target,Direct target guidance,,0.08218993246555328,16.993428510942422,0.1413606633422472,12.228387355804443,/cluster/users/grad/2025/25t8103/project/outputs/pretty_matrix/pillow_same_color_cable_knit/direct_target/seed_10/result.png,13.319509506225586,pillow_same_color_cable_knit/direct_target/seed_10,27.774599038006272,10,/cluster/users/grad/2025/25t8103/project/data/phase2_candidates/pexels_white_pillow_brown_sofa_6312089.jpg,0.0858415961265564,A cozy living room photo with a plain white pillow on a brown sofa.,16.78918409128997,0.14472407932184686,0.6189342776282556,0.6189342776282556,"A photo of the same white pillow on the same brown sofa, with the entire pillow surface changed into same-color white chunky cable-knit fabric with thick braided knitted columns, while preserving the pillow shape, outline, lighting, sofa, background, and the rest of the scene.",pillow_same_color_cable_knit
1.0,0.9382781585057577,1.0000000422199566,0.9382781560222307,0.0,0.0,84.98802773157756,0.1815476268529892,0.0,0.0,True,0.07703218005952381,,,1.0258805380124094,0.1815476268529892,0.07703218005952381,0.01977060066405071,0.12959423661231995,14.884639146392939,0.1802055003562764,13.664225578308105,/cluster/users/grad/2025/25t8103/project/experiments/support_v3_2026-06-02/mask_sensitivity_core5_masks/eroded/pillow_same_color_cable_knit_eval_mask.png,fixed_eval_mask,1.0,265.6778259277344,0.0,0.0,direct_target,Direct target guidance,,0.08218993246555328,16.993428510942422,0.1413606633422472,12.228387355804443,/cluster/users/grad/2025/25t8103/project/outputs/pretty_matrix/pillow_same_color_cable_knit/direct_target/seed_11/result.png,13.319509506225586,pillow_same_color_cable_knit/direct_target/seed_11,27.59783980701468,11,/cluster/users/grad/2025/25t8103/project/data/phase2_candidates/pexels_white_pillow_brown_sofa_6312089.jpg,0.0858415961265564,A cozy living room photo with a plain white pillow on a brown sofa.,16.78918409128997,0.14472407932184686,0.6189342776282556,0.6189342776282556,"A photo of the same white pillow on the same brown sofa, with the entire pillow surface changed into same-color white chunky cable-knit fabric with thick braided knitted columns, while preserving the pillow shape, outline, lighting, sofa, background, and the rest of the scene.",pillow_same_color_cable_knit
1.0,0.9382781585057577,1.0000000422199566,0.9382781560222307,0.0,0.0,84.98802773157756,0.1815476268529892,0.0,0.0,True,0.07703218005952381,,,1.0258805380124094,0.1815476268529892,0.07703218005952381,0.01977060066405071,0.12959423661231995,14.884639146392939,0.1802055003562764,13.664225578308105,/cluster/users/grad/2025/25t8103/project/experiments/support_v3_2026-06-02/mask_sensitivity_core5_masks/eroded/pillow_same_color_cable_knit_eval_mask.png,fixed_eval_mask,1.0,265.6778259277344,0.0,0.0,direct_target,Direct target guidance,,0.08218993246555328,16.993428510942422,0.1413606633422472,12.228387355804443,/cluster/users/grad/2025/25t8103/project/outputs/pretty_matrix/pillow_same_color_cable_knit/direct_target/seed_12/result.png,13.319509506225586,pillow_same_color_cable_knit/direct_target/seed_12,26.003446802002145,12,/cluster/users/grad/2025/25t8103/project/data/phase2_candidates/pexels_white_pillow_brown_sofa_6312089.jpg,0.0858415961265564,A cozy living room photo with a plain white pillow on a brown sofa.,16.78918409128997,0.14472407932184686,0.6189342776282556,0.6189342776282556,"A photo of the same white pillow on the same brown sofa, with the entire pillow surface changed into same-color white chunky cable-knit fabric with thick braided knitted columns, while preserving the pillow shape, outline, lighting, sofa, background, and the rest of the scene.",pillow_same_color_cable_knit
1.0,0.93160496900479,1.0000000124176343,0.9316049565871557,-0.411201527963082,-5.249542023951411e-05,60.61014620463053,0.0956101194024086,0.012021102685442505,24.70545196533203,True,0.07703218005952381,,,0.49572025198483605,0.0956101194024086,0.07703218005952381,0.0,0.02667921409010887,29.010128501930836,0.03543998871327882,5.532174587249756,/cluster/users/grad/2025/25t8103/project/experiments/support_v3_2026-06-02/mask_sensitivity_core5_masks/eroded/pillow_same_color_cable_knit_eval_mask.png,fixed_eval_mask,1.0,164.33177185058594,0.03295525908470154,41.641788482666016,support_v3_controller_rmsgap,CleanEdit,,0.0021143576595932245,39.74511556298832,0.010297794522194863,13.403027057647705,/cluster/users/grad/2025/25t8103/project/outputs/pretty_matrix/pillow_same_color_cable_knit/support_v3_controller_rmsgap/seed_10/result.png,11.159872055053711,pillow_same_color_cable_knit/support_v3_controller_rmsgap/seed_10,60.43189133700798,10,/cluster/users/grad/2025/25t8103/project/data/phase2_candidates/pexels_white_pillow_brown_sofa_6312089.jpg,0.004006642382591963,A cozy living room photo with a plain white pillow on a brown sofa.,37.10795632147258,0.01395089865795083,0.9609039435775231,0.9609039435775231,"A photo of the same white pillow on the same brown sofa, with the entire pillow surface changed into same-color white chunky cable-knit fabric with thick braided knitted columns, while preserving the pillow shape, outline, lighting, sofa, background, and the rest of the scene.",pillow_same_color_cable_knit
1.0,0.9325559437274933,1.0000000223517418,0.9325559586286545,-0.41132995920876664,-4.207731353744748e-05,61.17710475126902,0.0956101194024086,0.012026192072274474,24.714093685150146,True,0.07703218005952381,,,0.5023966448512838,0.0956101194024086,0.07703218005952381,0.0,0.02666865661740303,29.002963998449133,0.035469233232831986,5.597391128540039,/cluster/users/grad/2025/25t8103/project/experiments/support_v3_2026-06-02/mask_sensitivity_core5_masks/eroded/pillow_same_color_cable_knit_eval_mask.png,fixed_eval_mask,1.0,164.673828125,0.03295525908470154,41.641788482666016,support_v3_controller_rmsgap,CleanEdit,,0.002114365343004465,39.78363822401038,0.010252224054747352,13.40260362625122,/cluster/users/grad/2025/25t8103/project/outputs/pretty_matrix/pillow_same_color_cable_knit/support_v3_controller_rmsgap/seed_11/result.png,11.141378402709961,pillow_same_color_cable_knit/support_v3_controller_rmsgap/seed_11,60.70306312100729,11,/cluster/users/grad/2025/25t8103/project/data/phase2_candidates/pexels_white_pillow_brown_sofa_6312089.jpg,0.00400583678856492,A cozy living room photo with a plain white pillow on a brown sofa.,37.12370779506806,0.013925622250985465,0.9610244844651004,0.9610244844651004,"A photo of the same white pillow on the same brown sofa, with the entire pillow surface changed into same-color white chunky cable-knit fabric with thick braided knitted columns, while preserving the pillow shape, outline, lighting, sofa, background, and the rest of the scene.",pillow_same_color_cable_knit
1.0,0.931995247801145,1.0000000298023224,0.9319952328999838,-0.41068076466520625,-5.511320529194563e-05,60.856774846712746,0.0956101194024086,0.012050132017369227,24.742734670639038,True,0.07703218005952381,,,0.4949780512437143,0.0956101194024086,0.07703218005952381,0.0,0.02669312059879303,29.030602692992144,0.03535654871904023,5.511229038238525,/cluster/users/grad/2025/25t8103/project/experiments/support_v3_2026-06-02/mask_sensitivity_core5_masks/eroded/pillow_same_color_cable_knit_eval_mask.png,fixed_eval_mask,1.0,164.02273559570312,0.03295525908470154,41.641788482666016,support_v3_controller_rmsgap,CleanEdit,,0.002112356713041663,39.778473996080535,0.010258321365029115,13.403027057647705,/cluster/users/grad/2025/25t8103/project/outputs/pretty_matrix/pillow_same_color_cable_knit/support_v3_controller_rmsgap/seed_12/result.png,11.134289741516113,pillow_same_color_cable_knit/support_v3_controller_rmsgap/seed_12,61.923693730001105,12,/cluster/users/grad/2025/25t8103/project/data/phase2_candidates/pexels_white_pillow_brown_sofa_6312089.jpg,0.004005866590887308,A cozy living room photo with a plain white pillow on a brown sofa.,37.134904588255175,0.013907682596676938,0.9610394489459696,0.9610394489459696,"A photo of the same white pillow on the same brown sofa, with the entire pillow surface changed into same-color white chunky cable-knit fabric with thick braided knitted columns, while preserving the pillow shape, outline, lighting, sofa, background, and the rest of the scene.",pillow_same_color_cable_knit
1.0,0.9302889133493105,1.0000000124176343,0.9302889083822569,-0.29917529597878456,-0.00034696612700220914,14.948644081751505,0.1694972813129425,0.02060705714393407,37.60459065437317,True,0.15691342561141305,,,0.7864635029866982,0.1694972813129425,0.15691342561141305,0.8339928970065956,0.21251113712787628,11.318868333457486,0.27167932111330095,3.5923213958740234,/cluster/users/grad/2025/25t8103/project/experiments/support_v3_2026-06-02/mask_sensitivity_core5_masks/eroded/red_chair_blue_eval_mask.png,fixed_eval_mask,1.0,56.98686218261719,0.05972082540392876,67.75759887695312,adaptive_full_generic_support,Generic support control,,0.0675315335392952,17.680138492142223,0.13061500620599228,13.81576156616211,/cluster/users/grad/2025/25t8103/project/outputs/pretty_matrix/red_chair_blue/adaptive_full_generic_support/seed_10/result.png,4.567689895629883,red_chair_blue/adaptive_full_generic_support/seed_10,69.26198578299955,10,/cluster/users/grad/2025/25t8103/project/data/pretty_free_candidates/pexels_red_armchair_room_6758347.jpg,0.09028077125549316,A photo of a red armless rounded upholstered chair in a stylish room.,15.85611275223757,0.161136661830353,0.5209808554504023,0.5209808554504023,"A photo of the same armless rounded upholstered chair in the same stylish room, with only the fabric color changed to deep blue, no armrests added.",red_chair_blue
1.0,0.9313426911830902,1.0000000298023224,0.931342676281929,-0.29882123321294785,-0.00028250934277214884,15.436560869216919,0.1694972813129425,0.020626342852968566,37.621378898620605,True,0.15691342561141305,,,0.8163318786821309,0.1694972813129425,0.15691342561141305,0.8328090647725351,0.21288633346557617,11.30596070932172,0.2720833489771941,3.7818307876586914,/cluster/users/grad/2025/25t8103/project/experiments/support_v3_2026-06-02/mask_sensitivity_core5_masks/eroded/red_chair_blue_eval_mask.png,fixed_eval_mask,1.0,56.98686218261719,0.05972082540392876,67.75759887695312,adaptive_full_generic_support,Generic support control,,0.06749894469976425,17.676925799296136,0.1306633263582896,13.812297821044922,/cluster/users/grad/2025/25t8103/project/outputs/pretty_matrix/red_chair_blue/adaptive_full_generic_support/seed_11/result.png,4.632712364196777,red_chair_blue/adaptive_full_generic_support/seed_11,64.24325214209966,11,/cluster/users/grad/2025/25t8103/project/data/pretty_free_candidates/pexels_red_armchair_room_6758347.jpg,0.0903121680021286,A photo of a red armless rounded upholstered chair in a stylish room.,15.848573283340077,0.161276591339193,0.5214693084103666,0.5214693084103666,"A photo of the same armless rounded upholstered chair in the same stylish room, with only the fabric color changed to deep blue, no armrests added.",red_chair_blue
1.0,0.929821694890658,1.0000000322858493,0.9298217048247656,-0.29889925941824913,-0.000282372033931703,15.566452503204346,0.1694972813129425,0.02068318299279781,37.67737094561259,True,0.15691342561141305,,,0.7520440250923125,0.1694972813129425,0.15691342561141305,0.8322678843226788,0.21263186633586884,11.308012892813382,0.2720190724293494,3.474050998687744,/cluster/users/grad/2025/25t8103/project/experiments/support_v3_2026-06-02/mask_sensitivity_core5_masks/eroded/red_chair_blue_eval_mask.png,fixed_eval_mask,1.0,56.98686218261719,0.05972082540392876,67.75759887695312,adaptive_full_generic_support,Generic support control,,0.06756354123353958,17.676297094889676,0.13067278440871274,13.81576156616211,/cluster/users/grad/2025/25t8103/project/outputs/pretty_matrix/red_chair_blue/adaptive_full_generic_support/seed_12/result.png,4.619478225708008,red_chair_blue/adaptive_full_generic_support/seed_12,89.74421700113453,12,/cluster/users/grad/2025/25t8103/project/data/pretty_free_candidates/pexels_red_armchair_room_6758347.jpg,0.0903267189860344,A photo of a red armless rounded upholstered chair in a stylish room.,15.849141843447478,0.1612660348574872,0.5213223254019981,0.5213223254019981,"A photo of the same armless rounded upholstered chair in the same stylish room, with only the fabric color changed to deep blue, no armrests added.",red_chair_blue
1.0,0.0,0.0,0.0,0.0,0.0,0.0,0.043478261679410934,0.0,0.0,True,0.15691342561141305,,,1.4016193089530986,0.043478261679410934,0.15691342561141305,0.0,0.08497598022222519,19.273748023434926,0.10872078984225492,12.64881706237793,/cluster/users/grad/2025/25t8103/project/experiments/support_v3_2026-06-02/mask_sensitivity_core5_masks/eroded/red_chair_blue_eval_mask.png,fixed_eval_mask,1.0,0.0,0.0,0.0,base_only,RF reconstruction / base reconstruction,,0.12343263626098633,15.572290023086756,0.1664889823959851,12.2290358543396,/cluster/users/grad/2025/25t8103/project/outputs/pretty_matrix/red_chair_blue/base_only/seed_10/result.png,9.024431228637695,red_chair_blue/base_only/seed_10,81.34734437102452,10,/cluster/users/grad/2025/25t8103/project/data/pretty_free_candidates/pexels_red_armchair_room_6758347.jpg,0.11739824712276459,A photo of a red armless rounded upholstered chair in a stylish room.,15.981876420578114,0.1588203610475462,0.32461317364968373,0.32461317364968373,"A photo of the same armless rounded upholstered chair in the same stylish room, with only the fabric color changed to deep blue, no armrests added.",red_chair_blue
1.0,0.0,0.0,0.0,0.0,0.0,0.0,0.043478261679410934,0.0,0.0,True,0.15691342561141305,,,1.4016193089530986,0.043478261679410934,0.15691342561141305,0.0,0.08497598022222519,19.273748023434926,0.10872078984225492,12.64881706237793,/cluster/users/grad/2025/25t8103/project/experiments/support_v3_2026-06-02/mask_sensitivity_core5_masks/eroded/red_chair_blue_eval_mask.png,fixed_eval_mask,1.0,0.0,0.0,0.0,base_only,RF reconstruction / base reconstruction,,0.12343263626098633,15.572290023086756,0.1664889823959851,12.2290358543396,/cluster/users/grad/2025/25t8103/project/outputs/pretty_matrix/red_chair_blue/base_only/seed_11/result.png,9.024431228637695,red_chair_blue/base_only/seed_11,58.38497428712435,11,/cluster/users/grad/2025/25t8103/project/data/pretty_free_candidates/pexels_red_armchair_room_6758347.jpg,0.11739824712276459,A photo of a red armless rounded upholstered chair in a stylish room.,15.981876420578114,0.1588203610475462,0.32461317364968373,0.32461317364968373,"A photo of the same armless rounded upholstered chair in the same stylish room, with only the fabric color changed to deep blue, no armrests added.",red_chair_blue
1.0,0.0,0.0,0.0,0.0,0.0,0.0,0.043478261679410934,0.0,0.0,True,0.15691342561141305,,,1.4016193089530986,0.043478261679410934,0.15691342561141305,0.0,0.08497598022222519,19.273748023434926,0.10872078984225492,12.64881706237793,/cluster/users/grad/2025/25t8103/project/experiments/support_v3_2026-06-02/mask_sensitivity_core5_masks/eroded/red_chair_blue_eval_mask.png,fixed_eval_mask,1.0,0.0,0.0,0.0,base_only,RF reconstruction / base reconstruction,,0.12343263626098633,15.572290023086756,0.1664889823959851,12.2290358543396,/cluster/users/grad/2025/25t8103/project/outputs/pretty_matrix/red_chair_blue/base_only/seed_12/result.png,9.024431228637695,red_chair_blue/base_only/seed_12,26.737236772896722,12,/cluster/users/grad/2025/25t8103/project/data/pretty_free_candidates/pexels_red_armchair_room_6758347.jpg,0.11739824712276459,A photo of a red armless rounded upholstered chair in a stylish room.,15.981876420578114,0.1588203610475462,0.32461317364968373,0.32461317364968373,"A photo of the same armless rounded upholstered chair in the same stylish room, with only the fabric color changed to deep blue, no armrests added.",red_chair_blue
1.0,0.9189714243014654,1.000000002483527,0.9189714367190996,0.0,0.0,20.840574304262798,0.043478261679410934,0.0,0.0,True,0.15691342561141305,,,1.4974063025882354,0.043478261679410934,0.15691342561141305,0.0,0.09173393249511719,18.690635016089693,0.11627015440312648,14.43207836151123,/cluster/users/grad/2025/25t8103/project/experiments/support_v3_2026-06-02/mask_sensitivity_core5_masks/eroded/red_chair_blue_eval_mask.png,fixed_eval_mask,1.0,55.22254943847656,0.0,0.0,direct_target,Direct target guidance,,0.11928407102823257,15.888608275748314,0.1605349459706277,12.2290358543396,/cluster/users/grad/2025/25t8103/project/outputs/pretty_matrix/red_chair_blue/direct_target/seed_10/result.png,9.63805103302002,red_chair_blue/direct_target/seed_10,28.146643487969413,10,/cluster/users/grad/2025/25t8103/project/data/pretty_free_candidates/pexels_red_armchair_room_6758347.jpg,0.11496110260486603,A photo of a red armless rounded upholstered chair in a stylish room.,16.2253245109518,0.15443074780619923,0.32747733422962044,0.32747733422962044,"A photo of the same armless rounded upholstered chair in the same stylish room, with only the fabric color changed to deep blue, no armrests added.",red_chair_blue
1.0,0.9189714243014654,1.000000002483527,0.9189714367190996,0.0,0.0,20.840574304262798,0.043478261679410934,0.0,0.0,True,0.15691342561141305,,,1.4974063025882354,0.043478261679410934,0.15691342561141305,0.0,0.09173393249511719,18.690635016089693,0.11627015440312648,14.43207836151123,/cluster/users/grad/2025/25t8103/project/experiments/support_v3_2026-06-02/mask_sensitivity_core5_masks/eroded/red_chair_blue_eval_mask.png,fixed_eval_mask,1.0,55.22254943847656,0.0,0.0,direct_target,Direct target guidance,,0.11928407102823257,15.888608275748314,0.1605349459706277,12.2290358543396,/cluster/users/grad/2025/25t8103/project/outputs/pretty_matrix/red_chair_blue/direct_target/seed_11/result.png,9.63805103302002,red_chair_blue/direct_target/seed_11,29.590617925859988,11,/cluster/users/grad/2025/25t8103/project/data/pretty_free_candidates/pexels_red_armchair_room_6758347.jpg,0.11496110260486603,A photo of a red armless rounded upholstered chair in a stylish room.,16.2253245109518,0.15443074780619923,0.32747733422962044,0.32747733422962044,"A photo of the same armless rounded upholstered chair in the same stylish room, with only the fabric color changed to deep blue, no armrests added.",red_chair_blue
1.0,0.9189714243014654,1.000000002483527,0.9189714367190996,0.0,0.0,20.840574304262798,0.043478261679410934,0.0,0.0,True,0.15691342561141305,,,1.4974063025882354,0.043478261679410934,0.15691342561141305,0.0,0.09173393249511719,18.690635016089693,0.11627015440312648,14.43207836151123,/cluster/users/grad/2025/25t8103/project/experiments/support_v3_2026-06-02/mask_sensitivity_core5_masks/eroded/red_chair_blue_eval_mask.png,fixed_eval_mask,1.0,55.22254943847656,0.0,0.0,direct_target,Direct target guidance,,0.11928407102823257,15.888608275748314,0.1605349459706277,12.2290358543396,/cluster/users/grad/2025/25t8103/project/outputs/pretty_matrix/red_chair_blue/direct_target/seed_12/result.png,9.63805103302002,red_chair_blue/direct_target/seed_12,28.785043356008828,12,/cluster/users/grad/2025/25t8103/project/data/pretty_free_candidates/pexels_red_armchair_room_6758347.jpg,0.11496110260486603,A photo of a red armless rounded upholstered chair in a stylish room.,16.2253245109518,0.15443074780619923,0.32747733422962044,0.32747733422962044,"A photo of the same armless rounded upholstered chair in the same stylish room, with only the fabric color changed to deep blue, no armrests added.",red_chair_blue
1.0,0.9327251836657524,0.9999999975164732,0.9327251836657524,-0.3115397772441308,-9.792235609040745e-07,16.600169479846954,0.25917118787765503,0.021154284673684742,49.96692490577698,True,0.15691342561141305,,,0.6788126328283598,0.25917118787765503,0.15691342561141305,0.8666666666666667,0.31194570660591125,7.938955950320688,0.4009149049679106,3.1960840225219727,/cluster/users/grad/2025/25t8103/project/experiments/support_v3_2026-06-02/mask_sensitivity_core5_masks/eroded/red_chair_blue_eval_mask.png,fixed_eval_mask,1.0,59.07846450805664,0.06044439598917961,87.4482650756836,support_v3_controller_rmsgap,CleanEdit,,0.07291515916585922,16.638386981265235,0.14725859445642256,13.808946132659912,/cluster/users/grad/2025/25t8103/project/outputs/pretty_matrix/red_chair_blue/support_v3_controller_rmsgap/seed_10/result.png,4.70834493637085,red_chair_blue/support_v3_controller_rmsgap/seed_10,60.239798933966085,10,/cluster/users/grad/2025/25t8103/project/data/pretty_free_candidates/pexels_red_armchair_room_6758347.jpg,0.11042224615812302,A photo of a red armless rounded upholstered chair in a stylish room.,13.614753869297118,0.2085750260682623,0.5218135904254675,0.5218135904254675,"A photo of the same armless rounded upholstered chair in the same stylish room, with only the fabric color changed to deep blue, no armrests added.",red_chair_blue
1.0,0.9323346614837646,1.0000000173846881,0.9323346515496572,-0.3152250337104003,-0.00035849985700527515,16.6417409380277,0.1694972813129425,0.020691474877821747,49.395869652430214,True,0.15691342561141305,,,0.8273200357844257,0.1694972813129425,0.15691342561141305,0.8293590394047015,0.21398241817951202,11.231815585451216,0.2744158680269297,3.884068489074707,/cluster/users/grad/2025/25t8103/project/experiments/support_v3_2026-06-02/mask_sensitivity_core5_masks/eroded/red_chair_blue_eval_mask.png,fixed_eval_mask,1.0,56.98686218261719,0.05972082540392876,86.99554443359375,support_v3_controller_rmsgap,CleanEdit,,0.06773143261671066,17.647617236545138,0.1311049647757287,13.813452243804932,/cluster/users/grad/2025/25t8103/project/outputs/pretty_matrix/red_chair_blue/support_v3_controller_rmsgap/seed_11/result.png,4.694759368896484,red_chair_blue/support_v3_controller_rmsgap/seed_11,101.55474640592001,11,/cluster/users/grad/2025/25t8103/project/data/pretty_free_candidates/pexels_red_armchair_room_6758347.jpg,0.09068015962839127,A photo of a red armless rounded upholstered chair in a stylish room.,15.799184381422295,0.1621962395005741,0.5217663633551789,0.5217663633551789,"A photo of the same armless rounded upholstered chair in the same stylish room, with only the fabric color changed to deep blue, no armrests added.",red_chair_blue
1.0,0.9326456884543101,0.9999999900658926,0.9326456983884176,-0.3156500520805518,-0.00029823465138179017,16.40122503042221,0.1694972813129425,0.020677224187238608,49.35309839248657,True,0.15691342561141305,,,0.8141766335867187,0.1694972813129425,0.15691342561141305,0.8294943345171656,0.21333344280719757,11.30525093377165,0.27210558342954855,3.883593797683716,/cluster/users/grad/2025/25t8103/project/experiments/support_v3_2026-06-02/mask_sensitivity_core5_masks/eroded/red_chair_blue_eval_mask.png,fixed_eval_mask,1.0,56.98686218261719,0.05972082540392876,86.99554443359375,support_v3_controller_rmsgap,CleanEdit,,0.0676688477396965,17.661367148080974,0.1308975875631098,13.81691598892212,/cluster/users/grad/2025/25t8103/project/outputs/pretty_matrix/red_chair_blue/support_v3_controller_rmsgap/seed_12/result.png,4.769964694976807,red_chair_blue/support_v3_controller_rmsgap/seed_12,100.88268129900098,12,/cluster/users/grad/2025/25t8103/project/data/pretty_free_candidates/pexels_red_armchair_room_6758347.jpg,0.09052558243274689,A photo of a red armless rounded upholstered chair in a stylish room.,15.839640680737228,0.1614425341249158,0.522455477258889,0.522455477258889,"A photo of the same armless rounded upholstered chair in the same stylish room, with only the fabric color changed to deep blue, no armrests added.",red_chair_blue
1.0,0.9228339269757271,1.0000000223517418,0.9228339294592539,-0.3787454521904389,-0.0008032351036793747,38.0669823884964,0.0394345261156559,0.010918731481069699,8.97452143828074,True,0.04639253162202381,,,0.7594443987872883,0.0394345261156559,0.04639253162202381,0.41034958025310114,0.009622198529541492,33.48679859382778,0.021167037066243784,2.0952470302581787,/cluster/users/grad/2025/25t8103/project/experiments/support_v3_2026-06-02/mask_sensitivity_core5_masks/eroded/tshirt_star_eval_mask.png,fixed_eval_mask,1.0,164.88331604003906,0.030661504715681076,15.633641242980957,adaptive_full_generic_support,Generic support control,,0.0283205509185791,21.630030140841722,0.08288930399324766,12.228387355804443,/cluster/users/grad/2025/25t8103/project/outputs/pretty_matrix/tshirt_star/adaptive_full_generic_support/seed_10/result.png,2.758920907974243,tshirt_star/adaptive_full_generic_support/seed_10,116.26098998798989,10,/cluster/users/grad/2025/25t8103/project/data/pretty_free_candidates/pexels_person_white_tshirt_blue_jeans_8217483.jpg,0.027453085407614708,"A close-up fashion photo of a person wearing a plain white t-shirt and blue jeans, with natural fabric folds and soft studio lighting.",21.822577829219597,0.08107204136581593,0.8647475184259444,0.8647475184259444,"The same person wearing the same white t-shirt and blue jeans, with a clearly visible medium-sized bright red star printed on the center chest, while preserving the fabric folds, shadows, jeans, pose, and background.",tshirt_star
1.0,0.9229265749454498,1.0000000198682149,0.9229265650113424,-0.3779050447046757,-0.0007722924011991003,38.0172430674235,0.0394345261156559,0.010911551721316451,8.968741774559021,True,0.04639253162202381,,,0.7600821056880896,0.0394345261156559,0.04639253162202381,0.41034958025310114,0.009620724245905876,33.48594558513269,0.021169115903765075,2.0973005294799805,/cluster/users/grad/2025/25t8103/project/experiments/support_v3_2026-06-02/mask_sensitivity_core5_masks/eroded/tshirt_star_eval_mask.png,fixed_eval_mask,1.0,164.88331604003906,0.030661504715681076,15.622917175292969,adaptive_full_generic_support,Generic support control,,0.02834896184504032,21.618436934515515,0.0830000116385242,12.222283840179443,/cluster/users/grad/2025/25t8103/project/outputs/pretty_matrix/tshirt_star/adaptive_full_generic_support/seed_11/result.png,2.759307861328125,tshirt_star/adaptive_full_generic_support/seed_11,92.04857583600096,11,/cluster/users/grad/2025/25t8103/project/data/pretty_free_candidates/pexels_person_white_tshirt_blue_jeans_8217483.jpg,0.02748010866343975,"A close-up fashion photo of a person wearing a plain white t-shirt and blue jeans, with natural fabric folds and soft studio lighting.",21.811018574343827,0.08118000454253814,0.8646525960849477,0.8646525960849477,"The same person wearing the same white t-shirt and blue jeans, with a clearly visible medium-sized bright red star printed on the center chest, while preserving the fabric folds, shadows, jeans, pose, and background.",tshirt_star
1.0,0.9228050957123438,1.0000000124176343,0.922805113097032,-0.378543504824241,-0.000817343531783384,38.2121022939682,0.0394345261156559,0.010921178147934066,8.97427131732305,True,0.04639253162202381,,,0.760046317925563,0.0394345261156559,0.04639253162202381,0.4113519609071545,0.00962793081998825,33.488498905211934,0.021162893906113266,2.095266103744507,/cluster/users/grad/2025/25t8103/project/experiments/support_v3_2026-06-02/mask_sensitivity_core5_masks/eroded/tshirt_star_eval_mask.png,fixed_eval_mask,1.0,164.88331604003906,0.030661504715681076,15.625783920288086,adaptive_full_generic_support,Generic support control,,0.028286151587963104,21.627073563468304,0.08291752336569087,12.222283840179443,/cluster/users/grad/2025/25t8103/project/outputs/pretty_matrix/tshirt_star/adaptive_full_generic_support/seed_12/result.png,2.756761074066162,tshirt_star/adaptive_full_generic_support/seed_12,68.23780745500699,12,/cluster/users/grad/2025/25t8103/project/data/pretty_free_candidates/pexels_person_white_tshirt_blue_jeans_8217483.jpg,0.027420544996857643,"A close-up fashion photo of a person wearing a plain white t-shirt and blue jeans, with natural fabric folds and soft studio lighting.",21.81963516396729,0.08109951216102501,0.864986061820947,0.864986061820947,"The same person wearing the same white t-shirt and blue jeans, with a clearly visible medium-sized bright red star printed on the center chest, while preserving the fabric folds, shadows, jeans, pose, and background.",tshirt_star
1.0,0.0,0.0,0.0,0.0,0.0,0.0,0.0212053582072258,0.0,0.0,True,0.04639253162202381,,,0.8103613007527402,0.0212053582072258,0.04639253162202381,0.606440295702293,0.012195302173495293,32.67673720431445,0.023236094806208696,1.8098256587982178,/cluster/users/grad/2025/25t8103/project/experiments/support_v3_2026-06-02/mask_sensitivity_core5_masks/eroded/tshirt_star_eval_mask.png,fixed_eval_mask,1.0,0.0,0.0,0.0,base_only,RF reconstruction / base reconstruction,,0.021621625870466232,25.494044269663995,0.05312485852643417,12.228387355804443,/cluster/users/grad/2025/25t8103/project/outputs/pretty_matrix/tshirt_star/base_only/seed_10/result.png,2.233356475830078,tshirt_star/base_only/seed_10,33.98218749393709,10,/cluster/users/grad/2025/25t8103/project/data/pretty_free_candidates/pexels_person_white_tshirt_blue_jeans_8217483.jpg,0.021184315904974937,"A close-up fashion photo of a person wearing a plain white t-shirt and blue jeans, with natural fabric folds and soft studio lighting.",25.66011458525991,0.05211878354895706,0.8889383437951851,0.8889383437951851,"The same person wearing the same white t-shirt and blue jeans, with a clearly visible medium-sized bright red star printed on the center chest, while preserving the fabric folds, shadows, jeans, pose, and background.",tshirt_star
1.0,0.0,0.0,0.0,0.0,0.0,0.0,0.0212053582072258,0.0,0.0,True,0.04639253162202381,,,0.8103613007527402,0.0212053582072258,0.04639253162202381,0.606440295702293,0.012195302173495293,32.67673720431445,0.023236094806208696,1.8098256587982178,/cluster/users/grad/2025/25t8103/project/experiments/support_v3_2026-06-02/mask_sensitivity_core5_masks/eroded/tshirt_star_eval_mask.png,fixed_eval_mask,1.0,0.0,0.0,0.0,base_only,RF reconstruction / base reconstruction,,0.021621625870466232,25.494044269663995,0.05312485852643417,12.228387355804443,/cluster/users/grad/2025/25t8103/project/outputs/pretty_matrix/tshirt_star/base_only/seed_11/result.png,2.233356475830078,tshirt_star/base_only/seed_11,69.43624809104949,11,/cluster/users/grad/2025/25t8103/project/data/pretty_free_candidates/pexels_person_white_tshirt_blue_jeans_8217483.jpg,0.021184315904974937,"A close-up fashion photo of a person wearing a plain white t-shirt and blue jeans, with natural fabric folds and soft studio lighting.",25.66011458525991,0.05211878354895706,0.8889383437951851,0.8889383437951851,"The same person wearing the same white t-shirt and blue jeans, with a clearly visible medium-sized bright red star printed on the center chest, while preserving the fabric folds, shadows, jeans, pose, and background.",tshirt_star
1.0,0.0,0.0,0.0,0.0,0.0,0.0,0.0212053582072258,0.0,0.0,True,0.04639253162202381,,,0.8103613007527402,0.0212053582072258,0.04639253162202381,0.606440295702293,0.012195302173495293,32.67673720431445,0.023236094806208696,1.8098256587982178,/cluster/users/grad/2025/25t8103/project/experiments/support_v3_2026-06-02/mask_sensitivity_core5_masks/eroded/tshirt_star_eval_mask.png,fixed_eval_mask,1.0,0.0,0.0,0.0,base_only,RF reconstruction / base reconstruction,,0.021621625870466232,25.494044269663995,0.05312485852643417,12.228387355804443,/cluster/users/grad/2025/25t8103/project/outputs/pretty_matrix/tshirt_star/base_only/seed_12/result.png,2.233356475830078,tshirt_star/base_only/seed_12,87.42548695695587,12,/cluster/users/grad/2025/25t8103/project/data/pretty_free_candidates/pexels_person_white_tshirt_blue_jeans_8217483.jpg,0.021184315904974937,"A close-up fashion photo of a person wearing a plain white t-shirt and blue jeans, with natural fabric folds and soft studio lighting.",25.66011458525991,0.05211878354895706,0.8889383437951851,0.8889383437951851,"The same person wearing the same white t-shirt and blue jeans, with a clearly visible medium-sized bright red star printed on the center chest, while preserving the fabric folds, shadows, jeans, pose, and background.",tshirt_star
1.0,0.9156996558109919,1.0000000124176343,0.9156996260086695,0.0,0.0,22.60719374815623,0.0212053582072258,0.0,0.0,True,0.04639253162202381,,,0.7613309404642117,0.0212053582072258,0.04639253162202381,0.6371382032326776,0.01288517750799656,32.1161119851533,0.02478531260061587,1.922818660736084,/cluster/users/grad/2025/25t8103/project/experiments/support_v3_2026-06-02/mask_sensitivity_core5_masks/eroded/tshirt_star_eval_mask.png,fixed_eval_mask,1.0,74.63060760498047,0.0,0.0,direct_target,Direct target guidance,,0.04061123728752136,20.795012918630142,0.09125346289066881,12.228387355804443,/cluster/users/grad/2025/25t8103/project/outputs/pretty_matrix/tshirt_star/direct_target/seed_10/result.png,2.525601625442505,tshirt_star/direct_target/seed_10,86.46482465788722,10,/cluster/users/grad/2025/25t8103/project/data/pretty_free_candidates/pexels_person_white_tshirt_blue_jeans_8217483.jpg,0.03932495415210724,"A close-up fashion photo of a person wearing a plain white t-shirt and blue jeans, with natural fabric folds and soft studio lighting.",20.985755972700954,0.0892713703401246,0.844578934799854,0.844578934799854,"The same person wearing the same white t-shirt and blue jeans, with a clearly visible medium-sized bright red star printed on the center chest, while preserving the fabric folds, shadows, jeans, pose, and background.",tshirt_star
1.0,0.9156996558109919,1.0000000124176343,0.9156996260086695,0.0,0.0,22.60719374815623,0.0212053582072258,0.0,0.0,True,0.04639253162202381,,,0.7613309404642117,0.0212053582072258,0.04639253162202381,0.6371382032326776,0.01288517750799656,32.1161119851533,0.02478531260061587,1.922818660736084,/cluster/users/grad/2025/25t8103/project/experiments/support_v3_2026-06-02/mask_sensitivity_core5_masks/eroded/tshirt_star_eval_mask.png,fixed_eval_mask,1.0,74.63060760498047,0.0,0.0,direct_target,Direct target guidance,,0.04061123728752136,20.795012918630142,0.09125346289066881,12.228387355804443,/cluster/users/grad/2025/25t8103/project/outputs/pretty_matrix/tshirt_star/direct_target/seed_11/result.png,2.525601625442505,tshirt_star/direct_target/seed_11,87.09680461790413,11,/cluster/users/grad/2025/25t8103/project/data/pretty_free_candidates/pexels_person_white_tshirt_blue_jeans_8217483.jpg,0.03932495415210724,"A close-up fashion photo of a person wearing a plain white t-shirt and blue jeans, with natural fabric folds and soft studio lighting.",20.985755972700954,0.0892713703401246,0.844578934799854,0.844578934799854,"The same person wearing the same white t-shirt and blue jeans, with a clearly visible medium-sized bright red star printed on the center chest, while preserving the fabric folds, shadows, jeans, pose, and background.",tshirt_star
1.0,0.9156996558109919,1.0000000124176343,0.9156996260086695,0.0,0.0,22.60719374815623,0.0212053582072258,0.0,0.0,True,0.04639253162202381,,,0.7613309404642117,0.0212053582072258,0.04639253162202381,0.6371382032326776,0.01288517750799656,32.1161119851533,0.02478531260061587,1.922818660736084,/cluster/users/grad/2025/25t8103/project/experiments/support_v3_2026-06-02/mask_sensitivity_core5_masks/eroded/tshirt_star_eval_mask.png,fixed_eval_mask,1.0,74.63060760498047,0.0,0.0,direct_target,Direct target guidance,,0.04061123728752136,20.795012918630142,0.09125346289066881,12.228387355804443,/cluster/users/grad/2025/25t8103/project/outputs/pretty_matrix/tshirt_star/direct_target/seed_12/result.png,2.525601625442505,tshirt_star/direct_target/seed_12,93.9282608279027,12,/cluster/users/grad/2025/25t8103/project/data/pretty_free_candidates/pexels_person_white_tshirt_blue_jeans_8217483.jpg,0.03932495415210724,"A close-up fashion photo of a person wearing a plain white t-shirt and blue jeans, with natural fabric folds and soft studio lighting.",20.985755972700954,0.0892713703401246,0.844578934799854,0.844578934799854,"The same person wearing the same white t-shirt and blue jeans, with a clearly visible medium-sized bright red star printed on the center chest, while preserving the fabric folds, shadows, jeans, pose, and background.",tshirt_star
1.0,0.9074170415600141,1.000000037252903,0.9074170738458633,-0.4141656070326765,-0.0010362421047223809,55.64751021067301,0.0494791679084301,0.009659655455228252,22.297789653142292,True,0.04639253162202381,,,0.9859349689176276,0.0494791679084301,0.04639253162202381,0.5282546046861295,0.11988800764083862,11.877605655417508,0.2547532406311637,4.35828161239624,/cluster/users/grad/2025/25t8103/project/experiments/support_v3_2026-06-02/mask_sensitivity_core5_masks/eroded/tshirt_star_eval_mask.png,fixed_eval_mask,1.0,194.242919921875,0.032776281237602234,44.28038024902344,support_v3_controller_rmsgap,CleanEdit,,0.01867232285439968,24.338406889931417,0.06068476234737513,13.382572650909424,/cluster/users/grad/2025/25t8103/project/outputs/pretty_matrix/tshirt_star/support_v3_controller_rmsgap/seed_10/result.png,4.420455455780029,tshirt_star/support_v3_controller_rmsgap/seed_10,46.171721753897145,10,/cluster/users/grad/2025/25t8103/project/data/pretty_free_candidates/pexels_person_white_tshirt_blue_jeans_8217483.jpg,0.023367974907159805,"A close-up fashion photo of a person wearing a plain white t-shirt and blue jeans, with natural fabric folds and soft studio lighting.",21.85577109639139,0.08076281448783333,0.8779900407696082,0.8779900407696082,"The same person wearing the same white t-shirt and blue jeans, with a clearly visible medium-sized bright red star printed on the center chest, while preserving the fabric folds, shadows, jeans, pose, and background.",tshirt_star
1.0,0.912219780186812,0.9999999875823656,0.912219800055027,-0.4075006181374192,-0.005609245963569265,46.65300405025482,0.0714285746216774,0.009687640364669884,22.378587007522583,True,0.04639253162202381,,,1.1034515639865874,0.0714285746216774,0.04639253162202381,0.44605939105375264,0.09451400488615036,13.257144942757629,0.2173415464458199,4.425389289855957,/cluster/users/grad/2025/25t8103/project/experiments/support_v3_2026-06-02/mask_sensitivity_core5_masks/eroded/tshirt_star_eval_mask.png,fixed_eval_mask,1.0,161.4639434814453,0.032511621713638306,44.07246017456055,support_v3_controller_rmsgap,CleanEdit,,0.01828676648437977,24.62161712781082,0.05873799846956812,13.255289554595947,/cluster/users/grad/2025/25t8103/project/outputs/pretty_matrix/tshirt_star/support_v3_controller_rmsgap/seed_11/result.png,4.010497093200684,tshirt_star/support_v3_controller_rmsgap/seed_11,83.04711607284844,11,/cluster/users/grad/2025/25t8103/project/data/pretty_free_candidates/pexels_person_white_tshirt_blue_jeans_8217483.jpg,0.021823137998580933,"A close-up fashion photo of a person wearing a plain white t-shirt and blue jeans, with natural fabric folds and soft studio lighting.",22.61096545986419,0.07403749682192012,0.8780117558445986,0.8780117558445986,"The same person wearing the same white t-shirt and blue jeans, with a clearly visible medium-sized bright red star printed on the center chest, while preserving the fabric folds, shadows, jeans, pose, and background.",tshirt_star
1.0,0.9126095573107401,1.0,0.9126095647613207,-0.4067974112307032,-0.006134413534406728,46.53408241271973,0.0714285746216774,0.00969912126311101,22.3954119682312,True,0.04639253162202381,,,1.1158933515763123,0.0714285746216774,0.04639253162202381,0.45332665079563966,0.09479475021362305,13.183732695066034,0.21918627965460682,4.51899528503418,/cluster/users/grad/2025/25t8103/project/experiments/support_v3_2026-06-02/mask_sensitivity_core5_masks/eroded/tshirt_star_eval_mask.png,fixed_eval_mask,1.0,161.33323669433594,0.032511621713638306,44.07246017456055,support_v3_controller_rmsgap,CleanEdit,,0.018303444609045982,24.59631027740471,0.05890938463395635,13.255289554595947,/cluster/users/grad/2025/25t8103/project/outputs/pretty_matrix/tshirt_star/support_v3_controller_rmsgap/seed_12/result.png,4.049665927886963,tshirt_star/support_v3_controller_rmsgap/seed_12,83.04146327194758,12,/cluster/users/grad/2025/25t8103/project/data/pretty_free_candidates/pexels_person_white_tshirt_blue_jeans_8217483.jpg,0.02185206674039364,"A close-up fashion photo of a person wearing a plain white t-shirt and blue jeans, with natural fabric folds and soft studio lighting.",22.566362556967356,0.07441866452462165,0.8779925561761139,0.8779925561761139,"The same person wearing the same white t-shirt and blue jeans, with a clearly visible medium-sized bright red star printed on the center chest, while preserving the fabric folds, shadows, jeans, pose, and background.",tshirt_star
