family_label,method,method_display,n,complete_n,fixed_mask_n,local_clip_t_n,clip_t,clip_target_minus_source,clip_direction_similarity,local_clip_t,local_clip_t_full_prompt,local_clip_target_minus_source,clip_image_source_similarity,dino_source_similarity,bg_dino_source,lpips_full,lpips_outside,bg_lpips,source_l1,inside_l1,outside_l1,bg_l1,source_ssim_luma,bg_ssim_luma,eval_mask_area,dilated_edit_mask_area,bg_mask_area
,ours_flux,Ours (FLUX),116,116,116,116,0.3054552953047999,0.06719225041311362,0.2537347928396073,0.2531353375264283,0.30717849050616397,0.07149334996938705,0.8055942264096491,0.6616346628629955,0.9960750552086994,0.1579795174043754,0.019269461148661352,0.014897677604463313,0.04667601766514367,0.08514042805623391,0.015276213686367304,0.014705950621081966,0.8451068981995636,0.9524483521436823,0.45154400529532596,0.5199152190109779,0.4800847809890221
,ours_sd3,Ours (SD3),116,116,116,116,0.3102246029623624,0.07008849084377289,0.2553368351454365,0.24568894762417365,0.30828803289553214,0.07081193541144502,0.8040780301751762,0.6993827439587692,0.994501051717791,0.17634884858953542,0.0195569855611117,0.017049144952234828,0.05300967843303907,0.10118067940568616,0.015260700565955505,0.015003789505311128,0.8154899749284301,0.9371096517505317,0.45154400529532596,0.5199152190109779,0.4800847809890221
T1_attached_accessory,drfs_sd3,DRFS (SD3),6,6,6,6,0.2890440970659256,0.03960224241018295,0.25082642833391827,0.2225551133354505,0.27838726838429767,0.00805108497540156,0.8391585052013397,0.7778730094432831,0.7587560017903646,0.6125516096750895,0.5376155028740565,0.5260705997546514,0.1817255566517512,0.2437313050031662,0.1733996942639351,0.1727045178413391,0.3901599474614041,0.41273552055160206,0.10774501164754231,0.1257289250691732,0.8742710749308268
T1_attached_accessory,fireflow,FireFlow,6,6,6,6,0.3051372915506363,0.05497970183690389,0.289331816136837,0.2808543046315511,0.2852632999420166,0.06649963061014812,0.8456229567527771,0.8141908148924509,0.9000414510567983,0.2992697134613991,0.2535874967773755,0.23391032218933105,0.06915145056943099,0.1035662479698658,0.06456959185500939,0.06286029952267806,0.7391543051383239,0.7622248331705729,0.10808944702148438,0.15178426106770834,0.8482157389322916
T1_attached_accessory,flowedit_flux,FlowEdit (FLUX),6,6,6,6,0.3073488076527913,0.0643774742881457,0.3507307817538579,0.28495418032010394,0.2913237561782201,0.07228548328081767,0.8528979818026224,0.778888205687205,0.8629647692044576,0.30396601061026257,0.26440203686555225,0.25782961895068485,0.08407437428832054,0.13352877274155617,0.07879188594718774,0.07810733964045842,0.7437981554766265,0.7648091117540995,0.10760879516601562,0.12895568211873373,0.8710443178812662
T1_attached_accessory,flowedit_sd3,FlowEdit (SD3),6,6,6,6,0.3052954028050105,0.06123505781094233,0.3431174357732137,0.2733457187811534,0.28973836700121564,0.06937700510025024,0.860391745964686,0.8594003220399221,0.9016375442345937,0.20336931695540747,0.1714884415268898,0.16482351844509444,0.05756422194341818,0.11553667858242989,0.05107276017467181,0.0503513024499019,0.81865843517137,0.8393057286739349,0.10760879516601562,0.12895568211873373,0.8710443178812662
T1_attached_accessory,instruct_pix2pix,InstructPix2Pix,6,6,6,6,0.2862103010217349,0.002120792865753174,0.11636671610176563,0.2334744855761528,0.26430458078781766,0.022449714442094166,0.946449339389801,0.906953493754069,0.9488999048868815,0.09539530674616496,0.08064703146616618,0.07491214262942474,0.04365773902585109,0.056594777231415115,0.04194784195472797,0.04161222682644924,0.7551102529056757,0.7619546055793762,0.10808944702148438,0.15178426106770834,0.8482157389322916
T1_attached_accessory,ledits_pp,LEDITS++,6,6,6,6,0.19677972545226416,0.044933983435233436,0.1947372853755951,0.19209163635969162,0.20150214930375418,0.01422800620396932,0.6596027612686157,0.07782253498832385,0.6822896699110667,0.2950178359945615,0.2446072374780973,0.22837558637062708,0.08868855362137158,0.13783719018101692,0.082459873209397,0.0811093890418609,0.6528958279098366,0.6739618629217148,0.10808944702148438,0.15178426106770834,0.8482157389322916
T1_attached_accessory,otrf_enh_sd3,OT-RF enhanced (SD3),6,6,6,6,0.30624011158943176,0.049033929904301964,0.34405457973480225,0.275205800930659,0.2939273615678151,0.06000927835702896,0.8863462110360464,0.9180336693922678,0.9476106663544973,0.09691411753495534,0.07601022596160571,0.07198294376333554,0.03350984708716472,0.06439883758624394,0.030038779291013878,0.029773683287203312,0.884077715130589,0.89759761095047,0.10760879516601562,0.12895568211873373,0.8710443178812662
T1_attached_accessory,reflex,ReFLEx,6,6,6,6,0.30985353390375775,0.05270110567410787,0.27336364053189754,0.26366927723089856,0.2932302753130595,0.06535840531190236,0.8617106974124908,0.8544767101605734,0.9237734874089559,0.2723410998781522,0.23831412692864737,0.23166711380084357,0.06505022197961807,0.11253245547413826,0.05953466147184372,0.05880413639048735,0.6402810964680428,0.6549501270055771,0.10760879516601562,0.12895568211873373,0.8710443178812662
T1_attached_accessory,rf_solver_edit,RF-Solver-Edit,6,6,6,6,0.30031496783097583,0.042695797979831696,0.2852124373118083,0.26660871257384616,0.28117741147677106,0.05193093419075012,0.8612006405989329,0.860867957274119,0.933774729569753,0.21744559208552042,0.1915168066819509,0.17774100477496782,0.047979059939583145,0.07255435983339946,0.045521423841516175,0.04486787629624208,0.8039020429690472,0.8142942587534586,0.10808944702148438,0.15178426106770834,0.8482157389322916
T1_attached_accessory,splitflow_sd3,SplitFlow (SD3),6,6,6,6,0.30980417629082996,0.05981777608394623,0.34630157550175983,0.27542386452356976,0.29071635007858276,0.06660778323809306,0.8704074025154114,0.8665832380453745,0.9063694576422373,0.20411909371614456,0.16936860730250677,0.1634933277964592,0.05742051390310129,0.11448846757411957,0.05078458413481712,0.050167242685953774,0.8150192868910113,0.8351427515347799,0.10760879516601562,0.12895568211873373,0.8710443178812662
T2_container_insertion,drfs_sd3,DRFS (SD3),13,13,13,13,0.24579313970529115,-0.00034324366312760574,0.12052831555215213,0.2097404427253283,0.24632475811701554,0.000547760954269996,0.9226022087610685,0.9128614343129672,0.917349650309636,0.6496459291531489,0.2926226756893672,0.26926055951760364,0.21836064412043646,0.2815976876478929,0.15171620393028626,0.14437607417886072,0.43073631817019936,0.5751050802377554,0.49303832420936,0.5235280990600586,0.4764719009399414
T2_container_insertion,fireflow,FireFlow,13,13,13,13,0.2726587630235232,0.01586574659897731,0.17121295458995378,0.24113850754040939,0.275352534193259,0.01819671461215386,0.9046393816287701,0.792215361044957,0.9502173662185669,0.28384775954943436,0.14430565415666655,0.12248372243574032,0.0671487797338229,0.08001265474236928,0.054916455338780694,0.05388783563214999,0.7589437213095391,0.7881058546213003,0.49385687021108776,0.5669212341308594,0.4330787658691406
T2_container_insertion,flowedit_flux,FlowEdit (FLUX),13,13,13,13,0.26226845727517056,0.012314515618177561,0.16586199015952074,0.23215016493430504,0.26372850170502293,0.013440033564200768,0.9251039257416358,0.8786185475496145,0.977016609448653,0.2471474242898134,0.10888696863101079,0.10132230058885537,0.07572986701360115,0.08868701985249153,0.06194933403569918,0.0617865682221376,0.8120781910166662,0.8720710415106553,0.49272970052865833,0.5290029232318585,0.4709970767681415
T2_container_insertion,flowedit_sd3,FlowEdit (SD3),13,13,13,13,0.26609774163136113,0.025144210228553183,0.23788028668898803,0.2336321220948146,0.26546739500302535,0.02577701210975647,0.9165014487046462,0.8367978288577154,0.9792995086083045,0.22541374770494607,0.08174802721119843,0.0742177557773315,0.0602189742315274,0.07886275591758582,0.04120315066896952,0.04009688846193827,0.8308103441853916,0.8847154378890991,0.49272970052865833,0.5290029232318585,0.4709970767681415
T2_container_insertion,instruct_pix2pix,InstructPix2Pix,13,13,13,13,0.2514672095959003,0.0014102917451124925,0.10386523274848095,0.23016296670987055,0.25195503120238966,0.0020505270132651697,0.9337083926567664,0.8536085004989917,0.9498977615283086,0.15213064964000994,0.08216561255260156,0.07558198806901391,0.06385199410411027,0.08543262917261857,0.049683504952834204,0.04889548963938768,0.7742395329745773,0.8277209126032316,0.49385687021108776,0.5669212341308594,0.4330787658691406
T2_container_insertion,ledits_pp,LEDITS++,13,13,13,13,0.2218822309604058,0.03600754990027501,0.1923698175411958,0.2257391225833159,0.21820522500918463,0.0362983477803377,0.7921478564922626,0.3573528086909881,0.9471342838727511,0.3138064914024793,0.12243572507913296,0.10139188080882797,0.09492573915765835,0.12945969632038704,0.06452536382354222,0.05864674870211344,0.6841401720401473,0.7804089692922739,0.49385687021108776,0.5669212341308594,0.4330787658691406
T2_container_insertion,otrf_enh_sd3,OT-RF enhanced (SD3),13,13,13,13,0.2577567215149219,0.008531696521318875,0.24708794372586104,0.22463873258003822,0.258353149661651,0.009106289881926317,0.9639999774786142,0.924175514624669,0.9911536345115075,0.08599644956680444,0.025975976282587417,0.02348965764618837,0.029402776836202696,0.03856140790650478,0.02037958908252991,0.019909355646142594,0.9201172605459095,0.943036152766301,0.49272970052865833,0.5290029232318585,0.4709970767681415
T2_container_insertion,reflex,ReFLEx,13,13,13,13,0.26531141767135036,0.016318247868464544,0.165706927386614,0.23112594508207762,0.266778459915748,0.015856784123640794,0.9135165948134202,0.8409437674742478,0.9818587165612441,0.25638551207689136,0.07609598023387101,0.06887601373287347,0.06405319044223198,0.08884473374256721,0.03223193078660048,0.031074524212342042,0.718721409151287,0.8272550243597764,0.49272970052865833,0.5290029232318585,0.4709970767681415
T2_container_insertion,rf_solver_edit,RF-Solver-Edit,13,13,13,13,0.2750859776368508,0.008622225660544176,0.1471495947872217,0.23912326991558075,0.27604890901308793,0.01178000752742474,0.9174826282721299,0.8504268847979032,0.9775591721901526,0.21489579173234793,0.08605542134207028,0.07024936721875118,0.050415740276758485,0.06278264665832886,0.03574937195158922,0.03410395736304613,0.8136756048897525,0.8485140662926894,0.49385687021108776,0.5669212341308594,0.4330787658691406
T2_container_insertion,splitflow_sd3,SplitFlow (SD3),13,13,13,13,0.2659950118798476,0.02652748502217806,0.2386003342958597,0.23334133510406202,0.2658732728316234,0.026737312857921306,0.9154394635787377,0.8379919712360089,0.9771598898447477,0.21898389206482813,0.07608321595650452,0.0696053858846426,0.0590446492513785,0.0774831513945873,0.04022370708676485,0.039376071869180754,0.8338479336705237,0.8881323979451106,0.49272970052865833,0.5290029232318585,0.4709970767681415
T3_surface_decal,drfs_sd3,DRFS (SD3),41,41,41,41,0.2820454828622865,-0.007039019247380699,0.15725305876353893,0.21845658705001925,0.294607153752955,0.021657485424018488,0.8657418751135105,0.8921868335909959,0.9072396493539577,0.5942991237814833,0.2907863278509822,0.28123211358651157,0.1761907184632813,0.24520198928146827,0.12039915104283065,0.11999114011073621,0.588509712714478,0.6730060511972846,0.43670812467249426,0.45780134201049805,0.542198657989502
T3_surface_decal,fireflow,FireFlow,41,41,41,41,0.3395513514193093,0.09521413649000772,0.3127003986297584,0.2644962446718681,0.3360618549149211,0.09593128467478403,0.703050492013373,0.7961654154265799,0.9095246966292219,0.29333218441503806,0.13577771820582268,0.12625656580189015,0.07699894696110632,0.105844395008029,0.05789706983217379,0.05716903993814457,0.7279659990974157,0.7941917689835153,0.4373831400057165,0.4946651923947218,0.5053348076052782
T3_surface_decal,flowedit_flux,FlowEdit (FLUX),41,41,41,41,0.3278811119678544,0.09446065891079786,0.3399891150979007,0.25984540799768957,0.33079217992177823,0.09709488327910261,0.7691542942349504,0.885540725254431,0.9384808802023167,0.21326917282691815,0.11423669762273388,0.11171023355706072,0.06506858707019468,0.0894606603173221,0.051678669525355825,0.05190600836422385,0.8180728918178605,0.862851619720459,0.43629534651593466,0.4649698210925591,0.535030178907441
T3_surface_decal,flowedit_sd3,FlowEdit (SD3),41,41,41,41,0.318338799040492,0.08486412102129401,0.323578173976119,0.2545507724692182,0.31794266657131476,0.08855092307416404,0.7724883280149321,0.8993444035692912,0.9401047520521211,0.14899505665752946,0.07465219411362962,0.07274572284347038,0.04402484563065738,0.06318529622583854,0.03467792581494262,0.034406016558045295,0.861566999435104,0.8995373510732884,0.43629534651593466,0.4649698210925591,0.535030178907441
T3_surface_decal,instruct_pix2pix,InstructPix2Pix,41,41,41,41,0.24713453686818843,-0.042331321210396,0.05378857675212913,0.20000333175426577,0.24275919213527586,-0.048119135382698804,0.9188628611041278,0.8821060672038938,0.9488989623581491,0.12912787010938656,0.07415070807811146,0.07060784293997396,0.06897530791054411,0.07957015227435565,0.05847410780445832,0.05979707653111801,0.8323073558756163,0.8296749388299337,0.4373831400057165,0.4946651923947218,0.5053348076052782
T3_surface_decal,ledits_pp,LEDITS++,41,41,41,41,0.22431451554705456,0.04033195136523828,0.19583670022647556,0.22057208273468948,0.2233589346089014,0.03768761983005012,0.6471464510371046,0.48057609267260243,0.8545442434345804,0.3103618580030232,0.14546134681781617,0.1369242265070902,0.09024316626714497,0.12369458786234623,0.0719119419411915,0.07042293922930229,0.7466256967476536,0.8186935869658866,0.4373831400057165,0.4946651923947218,0.5053348076052782
T3_surface_decal,otrf_enh_sd3,OT-RF enhanced (SD3),41,41,41,41,0.2914957822096057,0.038285889640087035,0.27606624678322456,0.23408909723526095,0.29172563443823557,0.038137025222545716,0.8697652962149643,0.9572565424733046,0.9762363302998427,0.058887977243923556,0.02664186245557375,0.02612763517479435,0.023032162383925622,0.03252354791251624,0.018460047987812176,0.018460673052908445,0.9217125936638649,0.9416637057211341,0.43629534651593466,0.4649698210925591,0.535030178907441
T3_surface_decal,reflex,ReFLEx,41,41,41,41,0.3157646390723019,0.0744940318712374,0.2947259217318965,0.2527162418132875,0.31618682894764877,0.07750460596346273,0.7669447674983885,0.9167928419462065,0.9644279857961143,0.16131041907682653,0.06750356864820166,0.06518358048960203,0.049592952948154474,0.08931956631017894,0.02757746240169537,0.027482563811467915,0.7993989230809062,0.8514629079074394,0.43629534651593466,0.4649698210925591,0.535030178907441
T3_surface_decal,rf_solver_edit,RF-Solver-Edit,41,41,41,41,0.32544580283688335,0.09074715579428323,0.32930128276348114,0.2605464978189003,0.32682518661022186,0.0918319541506651,0.7389164974049824,0.8689902075907079,0.9301735104584112,0.2187046733934705,0.11295885054917051,0.10492429351888416,0.04711969946397514,0.07478329012306725,0.037183808526251375,0.03775799254000914,0.8039755748804429,0.8357317832911887,0.4373831400057165,0.4946651923947218,0.5053348076052782
T3_surface_decal,splitflow_sd3,SplitFlow (SD3),41,41,41,41,0.32008493528133486,0.08897724638624889,0.34488530520622324,0.2563784743954496,0.3197472796934407,0.09369675851449734,0.7719879077702034,0.9004140118273293,0.9421882760233995,0.14878106953167333,0.07334139275296432,0.07143534516643096,0.04352099684680381,0.06250500815307222,0.0339432196782493,0.03384626547737819,0.8616420150631674,0.9003254858458914,0.43629534651593466,0.4649698210925591,0.535030178907441
T4_local_recolor,drfs_sd3,DRFS (SD3),19,19,19,19,0.24677050035250814,0.006305285974552757,0.10835963369984376,0.2016057301508753,0.247859200364665,0.007939112029577556,0.878844700361553,0.7794282059920462,0.9123988716225875,0.5859149333677793,0.3360840784091699,0.321921255243452,0.16245718810119128,0.2297615110874176,0.12332937631167863,0.12113566657430247,0.43236159968731624,0.5190250889251107,0.35823985149985865,0.3831646065962942,0.6168353934037057
T4_local_recolor,fireflow,FireFlow,19,19,19,19,0.2754937951502047,0.0209928351013284,0.1653105603825105,0.22650539796603353,0.27469830058122935,0.022065870855983934,0.8973845368937442,0.7242512483345834,0.9648666632802863,0.32428378415735143,0.18827208366833234,0.1692978320153136,0.07420420764308226,0.1039577767645058,0.06038022805985652,0.05899984722858981,0.7062590777061545,0.7648433572367618,0.35862892552425985,0.4239188746402138,0.5760811253597862
T4_local_recolor,flowedit_flux,FlowEdit (FLUX),19,19,19,19,0.2716638704663829,0.024890978085367305,0.20887357427885658,0.23270288580342344,0.2729790869512056,0.025413629255796735,0.9140027259525499,0.7412966505477303,0.9670276924183494,0.2734833477359069,0.1486366265698483,0.14052924053057245,0.0756076056706278,0.11094575100823452,0.05794863834192878,0.057453381093709094,0.755757921246146,0.8206495674032914,0.3578535381116365,0.38998965213173314,0.6100103478682669
T4_local_recolor,flowedit_sd3,FlowEdit (SD3),19,19,19,19,0.2729804704063817,0.026203507655545286,0.23070599687726875,0.2318855594647558,0.27338728308677673,0.027784104409970735,0.9284165564336275,0.758091959514116,0.9726632707997372,0.21395044028759003,0.10764240512722417,0.10262076880194639,0.06058105630309958,0.09495982959082253,0.04387626630303107,0.04350823350250721,0.7839038308289823,0.8413372886808295,0.3578535381116365,0.38998965213173314,0.6100103478682669
T4_local_recolor,instruct_pix2pix,InstructPix2Pix,19,19,19,19,0.2733924388885498,0.03469863612400858,0.2911877687040128,0.24708004609534615,0.2693950871103688,0.034129088646487185,0.9229692314800463,0.8553358285050643,0.9761743765128287,0.28843779548218373,0.22017543204128742,0.20952571612341622,0.13426246180346138,0.15221020187202253,0.11977202190380347,0.11920719427105628,0.7000874429290391,0.7380845578093278,0.35862892552425985,0.4239188746402138,0.5760811253597862
T4_local_recolor,ledits_pp,LEDITS++,19,19,19,19,0.2543321675375888,0.03142711284913515,0.1909581099293734,0.24674736590761887,0.24890428310946414,0.030944231309388812,0.8560183110990023,0.5705072111205051,0.9317560603744105,0.2935578979943928,0.16535623945099742,0.15133575244659656,0.0855685335240866,0.12642366870453484,0.0651835617854407,0.06390323715382501,0.6556603402317884,0.7263070705689882,0.35862892552425985,0.4239188746402138,0.5760811253597862
T4_local_recolor,otrf_enh_sd3,OT-RF enhanced (SD3),19,19,19,19,0.25644528787387044,0.003911568930274562,0.19527128809376768,0.2112709221087004,0.25584256649017334,0.005724033242777774,0.9649156237903395,0.877584347599431,0.9921489953994751,0.09179637071333434,0.04156554014863152,0.03948275061128171,0.032402943819761276,0.048696770675872504,0.024591814040353422,0.02441460178478768,0.8710523150200655,0.8983663602879173,0.3578535381116365,0.38998965213173314,0.6100103478682669
T4_local_recolor,ours_flux,Ours (FLUX),19,19,19,19,0.26024433029325383,0.008088918108689157,0.2194891004872165,0.21764239982554787,0.2585540813835044,0.010158715279478776,0.9649022911724291,0.8685435088057267,0.9987949666224027,0.07154152860963031,0.01353202504105866,0.012150347033687132,0.030289522519237118,0.05908045888339218,0.014250942064743293,0.014038552726177793,0.9052029398379171,0.9372310889394659,0.35862892552425985,0.4239188746402138,0.5760811253597862
T4_local_recolor,ours_sd3,Ours (SD3),19,19,19,19,0.26497837116843775,0.010550520137736672,0.18255430852112017,0.21976673995193682,0.26076211584241765,0.013683165374555085,0.9382444557390714,0.8317084845743681,0.9977891664755972,0.1331187437631582,0.026544075538894457,0.023837218146869225,0.041156534301607234,0.0896664016733044,0.017704073878887453,0.01745875010659036,0.8493735923205804,0.8981822603627255,0.35862892552425985,0.4239188746402138,0.5760811253597862
T4_local_recolor,reflex,ReFLEx,19,19,19,19,0.2752048882998918,0.027539079910830447,0.23103891626784676,0.23811702508675425,0.2776950378167002,0.029179671877308896,0.9091656145296598,0.7565220123843143,0.9806236467863384,0.2804382396371741,0.14459584231831527,0.1373687645322398,0.0687031810613055,0.11468418687582016,0.043594511519921456,0.04339123919214073,0.6377863433112205,0.7052558346798545,0.3578535381116365,0.38998965213173314,0.6100103478682669
T4_local_recolor,rf_solver_edit,RF-Solver-Edit,19,19,19,19,0.26148401985042974,0.00617305620720512,0.12375558138285812,0.21139484957644814,0.259102043352629,0.00554578163121876,0.9168471254800495,0.7868459522724152,0.9750172119391592,0.23918607478079043,0.13508808710857442,0.12150330694490358,0.048869759236511434,0.06935943819974598,0.038082381808444074,0.03779351799503753,0.7795203045904754,0.8169957148401361,0.35862892552425985,0.4239188746402138,0.5760811253597862
T4_local_recolor,splitflow_sd3,SplitFlow (SD3),19,19,19,19,0.27297989631953995,0.025500950844664323,0.23347186885381999,0.2316103036466398,0.2718171775341034,0.026924411717214082,0.925717852617565,0.7657329659712943,0.970345675945282,0.21566108888701388,0.10932109426510961,0.10386428011483267,0.06079652434901187,0.09476735874226219,0.044359157842240836,0.04399987565059411,0.7831786524416524,0.8398840176431757,0.3578535381116365,0.38998965213173314,0.6100103478682669
T5_same_color_material,drfs_sd3,DRFS (SD3),56,56,56,56,0.2705788226532085,0.030458504067999975,0.20035665784962475,0.23146541975438595,0.2734572698495218,0.031702582857438495,0.8360922709107399,0.7274047295962062,0.9323416075536183,0.5958110998783793,0.26303682489586727,0.248890998274354,0.17149580629276379,0.22290600277483463,0.11329906177707016,0.11128788275111999,0.465291541238864,0.5651629966284547,0.4883138452257429,0.5165001153945923,0.4834998846054077
T5_same_color_material,fireflow,FireFlow,56,56,56,56,0.30930027631776674,0.059084514155983925,0.2233151755894401,0.2500801190201725,0.30946204545242445,0.05948692001402378,0.7501489807452474,0.4334345994118069,0.9388009064963886,0.3516819053994758,0.1623824132340295,0.13844843804171042,0.07582492008805275,0.09382646464343582,0.05881753101545785,0.058148568496108055,0.7166071274340832,0.787003679467099,0.4888878549848284,0.5669323376246861,0.4330676623753139
T5_same_color_material,flowedit_flux,FlowEdit (FLUX),56,56,56,56,0.29639386891254355,0.037039567051189284,0.20288598309603653,0.23209228659314768,0.29690531242106644,0.03763250261545181,0.8257444745727948,0.5217477761741195,0.9408782699278423,0.29814618160682066,0.12644062310989415,0.11743197776377201,0.08039925686482872,0.10349652317485639,0.0593818863521197,0.059288246889731715,0.769153488459911,0.841303384729794,0.4877357142312186,0.526190059525626,0.47380994047437397
T5_same_color_material,flowedit_sd3,FlowEdit (SD3),56,56,56,56,0.3124752010085753,0.06697780638933182,0.2672723285587771,0.2540532635258777,0.3112845343670675,0.06659604688840252,0.7861788815685681,0.5046259404293129,0.974197869854314,0.225630536409361,0.07369348609686963,0.0682812142518482,0.06153594456346972,0.08837518209059324,0.0379217903994556,0.037735587634545355,0.8134249728510211,0.8971451031310218,0.4877357142312186,0.526190059525626,0.47380994047437397
T5_same_color_material,instruct_pix2pix,InstructPix2Pix,56,56,56,56,0.28933072090148926,0.06016863350357328,0.24328567580752342,0.2618310922490699,0.2881287767418793,0.06026476674846241,0.7636069059371948,0.47377036412113477,0.971352756023407,0.2869574287906289,0.12761577153911016,0.10797811327834747,0.09499552197355245,0.11615424257303987,0.07653223583474755,0.07578876888978162,0.6854551506265494,0.7570367636425155,0.4888878549848284,0.5669323376246861,0.4330676623753139
T5_same_color_material,ledits_pp,LEDITS++,56,56,56,56,0.2832299055797713,0.07319317252508231,0.24651270965114236,0.2682475687137672,0.2817940531032426,0.07358446983354432,0.7111942480717387,0.2673538931911545,0.9609080372112138,0.298146055745227,0.11580902577510901,0.09947154524603061,0.08932295242058379,0.12134871658469949,0.06135882630145976,0.06113908443200801,0.6824345922879625,0.7846523241272995,0.4888878549848284,0.5669323376246861,0.4330676623753139
T5_same_color_material,otrf_enh_sd3,OT-RF enhanced (SD3),56,56,56,56,0.2836600212114198,0.022938029308404242,0.18863666893282374,0.22852621733077935,0.2855872998812369,0.02542486068393503,0.8698683146919522,0.7248930223286152,0.9906497480613845,0.10979985678568482,0.028028279118838588,0.025695247866678983,0.03250946214289537,0.04686360753008297,0.020308986505759612,0.02016650985128113,0.894738918245258,0.9392291786415237,0.4877357142312186,0.526190059525626,0.47380994047437397
T5_same_color_material,reflex,ReFLEx,56,56,56,56,0.31464604128684315,0.06471822543867997,0.2552941394969821,0.2575914167932102,0.313419802912644,0.06482647279543537,0.7748314738273621,0.43957556198750225,0.9516990259289742,0.34565239559326855,0.1412934153340757,0.12950664276390203,0.07995369425043464,0.11377925465681724,0.050606875480817895,0.05015705309675208,0.6546676401631466,0.7363624131040913,0.4877357142312186,0.526190059525626,0.47380994047437397
T5_same_color_material,rf_solver_edit,RF-Solver-Edit,56,56,56,56,0.30317323255751816,0.05340907935585294,0.22049599975746656,0.24428799455719336,0.3031845829848732,0.05453789234161377,0.7696927860379219,0.4865603250717478,0.9565329892294747,0.32030802020537,0.14271677934032465,0.11941382718006414,0.05879662994162312,0.07537419847877962,0.04360336218295353,0.04320174056504454,0.7472370858047298,0.8120989554694721,0.4888878549848284,0.5669323376246861,0.4330676623753139
T5_same_color_material,splitflow_sd3,SplitFlow (SD3),56,56,56,56,0.3114025837608746,0.06706930617136615,0.2662217559492482,0.25670693229351726,0.31356206589511465,0.06877567459430013,0.78724398038217,0.5065583299313273,0.9747313026871,0.22538914065808058,0.07453326135873795,0.06906135277157384,0.06114695979548352,0.08748909957440835,0.03751863560838891,0.037265345404323726,0.813895657080843,0.8982771805354527,0.4877357142312186,0.526190059525626,0.47380994047437397
