method,method_display,n,complete_n,fixed_mask_n,local_clip_t_n,clip_t,clip_target_minus_source,clip_direction_similarity,local_clip_t,local_clip_t_full_prompt,local_clip_target_minus_source,clip_image_source_similarity,dino_source_similarity,bg_dino_source,lpips_full,lpips_outside,bg_lpips,source_l1,inside_l1,outside_l1,bg_l1,source_ssim_luma,bg_ssim_luma,eval_mask_area,dilated_edit_mask_area,bg_mask_area
fireflow_g070,fireflow_g070,33,33,33,33,0.3006801532976555,0.04652928086844357,0.24388583786221166,0.2511257009975838,0.2983796840364283,0.05173687772317366,0.8147831414685105,0.7214757050528671,0.9286243626565645,0.28524273453336774,0.1540574072436853,0.13492950519095315,0.06462393249526169,0.08743372051553293,0.05465003910164038,0.05337673781270331,0.7615376879040273,0.8071406971324574,0.38129240093809186,0.4459145285866477,0.5540854714133523
fireflow_g085,fireflow_g085,33,33,33,33,0.3046979204271779,0.04795501358581312,0.25030944993098575,0.25300020972887677,0.3027489989092856,0.05171989220561403,0.8114006302573464,0.7136352504744674,0.9328197132457386,0.2981971071073503,0.16409889739853414,0.14447062768775856,0.06763464319660809,0.08973747424103996,0.05786040747030215,0.05647368616226948,0.7462966037132263,0.7920240227020148,0.38129240093809186,0.4459145285866477,0.5540854714133523
fireflow_g100,fireflow_g100,33,33,33,33,0.306210507497643,0.049396263830589524,0.24197582499773213,0.2530635486949574,0.30371749717177765,0.05249934620929487,0.8086356448404717,0.708817359624487,0.9258964170109142,0.31994660198688507,0.18112552496181292,0.15917717002219323,0.07434283422701286,0.09892641233675407,0.06311680094310732,0.061908215171459946,0.7248819892947628,0.7735836812944124,0.38129240093809186,0.4459145285866477,0.5540854714133523
fireflow_g115,fireflow_g115,33,33,33,33,0.30385966328057373,0.04837249490347775,0.23677026457858807,0.25131102854555304,0.3024233827988307,0.05170577358115803,0.7998395815040126,0.6917413274447123,0.9156281370105166,0.3340116976336999,0.19014164071642992,0.16805199611311158,0.07676788938767982,0.10105640881440857,0.06476929388714558,0.06341085577327193,0.7126196032835833,0.7651406029860178,0.38129240093809186,0.4459145285866477,0.5540854714133523
flowedit_flux_g070,flowedit_flux_g070,33,33,33,33,0.28708917715332727,0.029761075521960403,0.2450004597617821,0.23603754513191455,0.2882701014027451,0.034696211869066414,0.8980744390776663,0.8575372732046879,0.9696516484925242,0.13775753021014459,0.07165300806589199,0.06838441571700528,0.04685260502226425,0.0674400996191032,0.03930678368179184,0.03901536367607839,0.8832580095418474,0.9165405450445233,0.38028517636385833,0.41224806236498285,0.5877519376350172
flowedit_flux_g085,flowedit_flux_g085,33,33,33,33,0.2895488924149311,0.03369594658866073,0.24358631218924667,0.23595271869139237,0.2894593987501029,0.03624102157173735,0.884699902751229,0.8266562313744517,0.9613647244193337,0.16777838653687274,0.09171613644469868,0.08762911262667993,0.055649996819821274,0.0777798578368895,0.0476741555965308,0.047434994047789864,0.8594327924401831,0.8965294126308325,0.38028517636385833,0.41224806236498285,0.5877519376350172
flowedit_flux_g100,flowedit_flux_g100,33,33,33,33,0.2993470818707437,0.04608316629221945,0.2608959690639467,0.24644509544878296,0.2991769806002126,0.0488472246762478,0.8486807382468021,0.7689850637407014,0.9372828367984656,0.2565570550434517,0.14797408359520364,0.1412313889824983,0.07320325708750522,0.0990081142747041,0.06270279520840356,0.0626666270422213,0.7938718411413231,0.8369142828565656,0.38028517636385833,0.41224806236498285,0.5877519376350172
flowedit_flux_g115,flowedit_flux_g115,33,33,33,33,0.2954773275238095,0.04066870790539366,0.24694445379304164,0.24220059992689075,0.2956604113181432,0.045234226367690346,0.8592236601945126,0.794755523855036,0.9390555168643142,0.2171033997878884,0.12542737958331904,0.11995319706020934,0.06837791576981544,0.09363179236198917,0.05960813243732308,0.05946719561788169,0.8223160118700193,0.8622974717255795,0.38028517636385833,0.41224806236498285,0.5877519376350172
flowedit_sd3_g070,flowedit_sd3_g070,33,33,33,33,0.30003621858177765,0.049814969301223755,0.28821957672974374,0.24954458709919092,0.2968238962419105,0.05345317450436679,0.8712421312476649,0.8151565257346991,0.9617215485283823,0.13941665693665994,0.06376214012164962,0.06024631750628804,0.04089698463565472,0.06347979746307388,0.03048493428099336,0.030181732762492065,0.8739190002858452,0.9138354135282112,0.38028517636385833,0.41224806236498285,0.5877519376350172
flowedit_sd3_g085,flowedit_sd3_g085,33,33,33,33,0.3025080290707675,0.052191870230616944,0.28253598943014036,0.2509100297183702,0.30080885643308813,0.056667470119216225,0.8594708731680205,0.789587010939916,0.9575349417599764,0.16903236909120373,0.0812709236122442,0.07678517881272869,0.04762402205078891,0.07280565267710974,0.036070896848810444,0.03567899732540051,0.8537503862448821,0.899487802476594,0.38028517636385833,0.41224806236498285,0.5877519376350172
flowedit_sd3_g100,flowedit_sd3_g100,33,33,33,33,0.3037025752392682,0.05321533300659873,0.2762980796678951,0.25061785994154034,0.3019713465914582,0.05696577420740417,0.8488844705350471,0.7665381729602814,0.9491706038966323,0.19765203175219623,0.09895487084533229,0.0936520891264081,0.054040631392236915,0.08127581091089682,0.04143808059620135,0.040972499402635025,0.8346849314234027,0.8850343480254664,0.38028517636385833,0.41224806236498285,0.5877519376350172
flowedit_sd3_g115,flowedit_sd3_g115,33,33,33,33,0.3044994839213111,0.05292123510982051,0.2708450115539811,0.2515871109384479,0.3028582330002929,0.05660606198238604,0.8442885135159348,0.7516420727426355,0.9431213284983779,0.22353586927056313,0.11532385020770809,0.10921087062381434,0.060267080016659966,0.08965438243114587,0.04676358096978881,0.0463123693497795,0.8162115349638605,0.86933822704084,0.38028517636385833,0.41224806236498285,0.5877519376350172
otrf_sd3_g070,otrf_sd3_g070,33,33,33,33,0.280723336519617,0.011773452614292954,0.22680396499168692,0.22833660651337018,0.27692962324980536,0.011565477107510422,0.9412406014673638,0.9365901242602955,0.9876247969540682,0.05496905123194059,0.023539702739623008,0.021969498124566268,0.022892369916944794,0.03338648426826253,0.017780667326102655,0.01763320103231253,0.9271920747808817,0.9451832915797378,0.38028517636385833,0.41224806236498285,0.5877519376350172
otrf_sd3_g085,otrf_sd3_g085,33,33,33,33,0.28379834285288147,0.018250324057810234,0.24714736409033788,0.23200564673452667,0.28019789764375397,0.019725122235038063,0.9319528323231321,0.9108565910296007,0.9820477763811747,0.07035368878507253,0.030589946002388995,0.028769198127768257,0.025869622149250725,0.038484527531898384,0.01983096230436455,0.019659200725568968,0.9178774146778853,0.9399786230289575,0.38028517636385833,0.41224806236498285,0.5877519376350172
otrf_sd3_g100,otrf_sd3_g100,33,33,33,33,0.29012321071191266,0.03162582218647003,0.27309306987533066,0.24074536155570636,0.28642933747985144,0.03138577938079834,0.9101611086816499,0.8822173196257967,0.9773288820729111,0.08530105949577058,0.037551251077798734,0.035379807436556526,0.028789413584904236,0.04312037191156185,0.02201137945733287,0.02182835340499878,0.9083588521761433,0.9340425386573329,0.38028517636385833,0.41224806236498285,0.5877519376350172
otrf_sd3_g115,otrf_sd3_g115,33,33,33,33,0.29591937588922906,0.040325026620518074,0.2850810144886826,0.2462417749744473,0.29312242432074115,0.04332286029150992,0.8971910530870612,0.8620460620432189,0.9738894628755974,0.09991094729665553,0.04466694386704176,0.04213538324234612,0.03163517782972618,0.04751777011110927,0.024218656517791027,0.024028887069135002,0.8990622781213659,0.9281806440064402,0.38028517636385833,0.41224806236498285,0.5877519376350172
reflex_g070,reflex_g070,33,33,33,33,0.3039216941053217,0.05185157918568813,0.26796296938802255,0.25250716733210016,0.3027997450395064,0.05606417041836363,0.856743026863445,0.7707938168084982,0.9631179824019923,0.23669175047314528,0.11785516935880437,0.11140796592967077,0.05734591722262628,0.08953065887996645,0.0382646576247432,0.03779491164128889,0.7197426190023307,0.7808674402309187,0.38028517636385833,0.41224806236498285,0.5877519376350172
reflex_g085,reflex_g085,33,33,33,33,0.30730586611863336,0.055955059149048546,0.28103170764039864,0.2546087237018527,0.30633868186762836,0.0603243171265631,0.8496259089672205,0.7597491217382026,0.9627991445136793,0.24466549921216388,0.1218597236456293,0.11484826421082923,0.060084700019973694,0.09339637726996884,0.03969090186398138,0.03918362089968992,0.7136221144036305,0.7764762351007173,0.38028517636385833,0.41224806236498285,0.5877519376350172
reflex_g100,reflex_g100,33,33,33,33,0.3072282617742365,0.05718632448803295,0.269065525156982,0.2549737615115715,0.30507945291923755,0.060374460888631416,0.8330242308703336,0.7583162680719838,0.9592774311701456,0.25627269437818817,0.12846796496799498,0.12135532537870335,0.06326022879643874,0.09986024169307767,0.04120102050629529,0.040655847949286304,0.7074282483549225,0.7736457947528723,0.38028517636385833,0.41224806236498285,0.5877519376350172
reflex_g115,reflex_g115,33,33,33,33,0.30827220913135644,0.058361140164462005,0.27134080631940655,0.25541386008262634,0.3059722428972071,0.06218712641434236,0.8311646689068187,0.7506745371854666,0.9572510881857439,0.2672130169742035,0.13421811843573145,0.12671999187406266,0.06622544681709824,0.10535781853126758,0.04283577646834381,0.04225018767244888,0.7013719676773685,0.7693349791295601,0.38028517636385833,0.41224806236498285,0.5877519376350172
scope_flux_g070,scope_flux_g070,33,33,33,33,0.2888485793814515,0.04050469985513976,0.2639085855899435,0.24569108404896475,0.2882116116357572,0.04301440806099863,0.8621114275672219,0.7992616458372637,0.9987764340458494,0.10080296986482361,0.0140276534626592,0.011792589100933224,0.02541583330568039,0.05292591483642658,0.005449316446725844,0.005102590992023717,0.9154282188715904,0.9884231054421627,0.38129240093809186,0.4459145285866477,0.5540854714133523
scope_flux_g085,scope_flux_g085,33,33,33,33,0.28781174168442236,0.03714715034672708,0.256660010976096,0.24517620242003238,0.28947928909099463,0.04156582283251213,0.8711732644023318,0.8011765186533784,0.9987863844091242,0.10330365451447891,0.01408764384254799,0.011820732039323599,0.02616324548073339,0.054375925327114986,0.005487464714061582,0.005144861487100239,0.9129740872612456,0.9883987614602754,0.38129240093809186,0.4459145285866477,0.5540854714133523
scope_flux_g115,scope_flux_g115,33,33,33,33,0.28661732240156695,0.040362662889740684,0.2696331162570101,0.2497546352220304,0.2876888369068955,0.04660783617785483,0.8587808031024355,0.7907090534766515,0.9987194700674578,0.1074060881228158,0.014905345037484287,0.01258120697126618,0.027396606761171963,0.05653021405592109,0.005767219063162691,0.005406307735635589,0.9093730237454134,0.9876905517144636,0.38129240093809186,0.4459145285866477,0.5540854714133523
scope_sd3_g070,scope_sd3_g070,33,33,33,33,0.29930298978632147,0.04351804428028338,0.27097998796538875,0.24179702952052606,0.2950947623361241,0.04575924214088556,0.8615261262113397,0.8242566540385737,0.994487130280697,0.13942301713607527,0.030232350061520596,0.027114584403038447,0.040386913400707825,0.07767377342238571,0.017057862542005198,0.016716808969662947,0.8497125017846977,0.9306516051292419,0.38129240093809186,0.4459145285866477,0.5540854714133523
scope_sd3_g085,scope_sd3_g085,33,33,33,33,0.3018808893182061,0.0485821831406969,0.2783366379074075,0.2438636322816213,0.2955918370774298,0.04899955518317945,0.8516378429802981,0.8141869080789161,0.9936933625828136,0.1443900608203628,0.031111309547365334,0.027836137758585566,0.042730499566956,0.08310661352041995,0.017463262461012964,0.017131071834062987,0.8438577323862938,0.9295151034990946,0.38129240093809186,0.4459145285866477,0.5540854714133523
scope_sd3_g115,scope_sd3_g115,33,33,33,33,0.30254582970431354,0.05155314595410318,0.28903449089689687,0.24711004396279654,0.2991749757167065,0.051772701920885025,0.8475864818601897,0.8065499139554573,0.993545109575445,0.15153214685393102,0.03217900333622696,0.028651205401260857,0.045820625611778465,0.09112836770487553,0.017865916206078095,0.017482916669299204,0.8359009291706269,0.9286131786577629,0.38129240093809186,0.4459145285866477,0.5540854714133523
splitflow_sd3_g070,splitflow_sd3_g070,33,33,33,33,0.3031452316226381,0.05217277913382559,0.29152664350289287,0.25150786475701764,0.3001095779014356,0.056922943303079315,0.8637252738981536,0.7932173352349888,0.9590468894351613,0.16343649713830513,0.07700740722374934,0.07286453359957898,0.04751270699004332,0.07207984132974436,0.03589081493290988,0.03560029991874189,0.8586898221419568,0.9022816582159563,0.38028517636385833,0.41224806236498285,0.5877519376350172
splitflow_sd3_g085,splitflow_sd3_g085,33,33,33,33,0.30380448247447156,0.05369096588004719,0.28920401158657943,0.2517925586664315,0.3007326433152864,0.05797531478332751,0.8579494772535382,0.7760911272330717,0.9550016287601355,0.18061753960721422,0.08723747374659235,0.08256966589639585,0.05080646248252103,0.0765455537334536,0.038545878660498245,0.038230471962103336,0.8465139533599824,0.8932059985218626,0.38028517636385833,0.41224806236498285,0.5877519376350172
splitflow_sd3_g100,splitflow_sd3_g100,33,33,33,33,0.3055334786574046,0.05505963572950074,0.2857733222119736,0.25146488393798017,0.30153410272164777,0.05851584447152687,0.85006711880366,0.7638490276806282,0.9517066514853275,0.19657276062802834,0.0969081882274512,0.09174503401542704,0.05394257780051592,0.080854413635803,0.041081035594371235,0.04073142359089671,0.8349837419909875,0.8845581899989735,0.38028517636385833,0.41224806236498285,0.5877519376350172
splitflow_sd3_g115,splitflow_sd3_g115,33,33,33,33,0.30577128493424616,0.0547984057303631,0.2790826763957739,0.2507995994705142,0.3010368013020718,0.05793694429325335,0.8440004641359503,0.7553887529806658,0.9487376754934137,0.21177466653964735,0.10666563852944157,0.10098041009835222,0.05702883072874763,0.08488775033390883,0.04372214398939501,0.043350330158842335,0.8235781906344782,0.8751965038704149,0.38028517636385833,0.41224806236498285,0.5877519376350172
